{"content":[{"id":"62de2605","settings":{"content_position":"middle","background_background":"classic","background_color":"#EDF2F4","margin":{"unit":"px","top":"","right":0,"bottom":"","left":0,"isLinked":true},"padding":{"unit":"px","top":"30","right":"0","bottom":"30","left":"0","isLinked":false},"padding_tablet":{"unit":"px","top":"30","right":"20","bottom":"30","left":"20","isLinked":false},"padding_mobile":{"unit":"px","top":"25","right":"20","bottom":"25","left":"20","isLinked":false},"html_tag":"footer","flex_direction":"column","flex_align_items":"center","flex_gap":{"size":50,"unit":"px","column":"50","row":"50","isLinked":true},"flex_gap_mobile":{"unit":"px","size":40,"sizes":[],"column":"40","row":"40","isLinked":true},"_title":"Contactez-nous","__globals__":{"background_color":""},"pa_condition_repeater":[],"premium_tooltip_text":"Hi, I'm a global tooltip.","premium_tooltip_position":"top,bottom","premium_parallax_layers_list":[],"premium_gradient_colors_repeater":[],"premium_kenburns_repeater":[],"premium_lottie_repeater":[],"premium_blob_repeater":[],"pa_cursor_ftext":"Premium Follow Text","pa_badge_text":"New","ai":{"generator":"websitePlanner","baseTemplateId":"undefined","blockId":"undefined","requestIds":{"sessionId":"wp-session-3bda7ea2-b2ee-4ba8-84cb-3666e16a85ba","generateId":"wp-page-footer","batchId":"wp-section-footer"}}},"elements":[{"id":"39e3f3be","settings":{"content_position":"middle","structure":"20","border_border":"dotted","border_width":{"unit":"px","top":"0","right":"0","bottom":"1","left":"0","isLinked":false},"padding":{"unit":"px","top":"0","right":"0","bottom":"30","left":"0","isLinked":false},"flex_direction":"row","flex_align_items":"stretch","flex_gap":{"size":0,"unit":"px","column":"0","row":"0","isLinked":true},"content_width":"full","__globals__":{"border_color":"globals\/colors?id=12db813"},"pa_condition_repeater":[],"premium_tooltip_text":"Hi, I'm a global tooltip.","premium_tooltip_position":"top,bottom","premium_parallax_layers_list":[],"premium_gradient_colors_repeater":[],"premium_kenburns_repeater":[],"premium_lottie_repeater":[],"premium_blob_repeater":[],"pa_cursor_ftext":"Premium Follow Text","pa_badge_text":"New","ai":{"generator":"websitePlanner","baseTemplateId":"undefined","blockId":"undefined","requestIds":{"sessionId":"wp-session-3bda7ea2-b2ee-4ba8-84cb-3666e16a85ba","generateId":"wp-page-footer","batchId":"wp-section-footer"}}},"elements":[{"id":"4bce7ed4","settings":{"_column_size":50,"width":{"size":null,"unit":"%"},"width_mobile":{"size":30,"unit":"%"},"content_width":"full","flex_direction":"row","flex_justify_content":"center","flex_align_items":"center","padding":{"unit":"px","top":"0","right":"0","bottom":"0","left":"0","isLinked":true},"pa_condition_repeater":[],"premium_tooltip_text":"Hi, I'm a global tooltip.","premium_tooltip_position":"top,bottom","premium_parallax_layers_list":[],"premium_gradient_colors_repeater":[],"premium_kenburns_repeater":[],"premium_lottie_repeater":[],"premium_blob_repeater":[],"pa_cursor_ftext":"Premium Follow Text","pa_badge_text":"New","ai":{"generator":"websitePlanner","baseTemplateId":"undefined","blockId":"undefined","requestIds":{"sessionId":"wp-session-3bda7ea2-b2ee-4ba8-84cb-3666e16a85ba","generateId":"wp-page-footer","batchId":"wp-section-footer"}}},"elements":[{"id":"3c6781d6","settings":{"social_icon_list":[{"social":"Suivez-nous sur Facebook","_id":"993ef04","social_icon":{"value":"fab fa-facebook-f","library":"fa-brands"},"__fa4_migrated":{"social_icon":true}},{"social":"Rejoignez-nous sur Twitter","_id":"a229ff5","social_icon":{"value":"fab fa-twitter","library":"fa-brands"},"__fa4_migrated":{"social_icon":true}}],"icon_color":"custom","icon_secondary_color":"#D90429","icon_size":{"unit":"px","size":18,"sizes":[]},"icon_padding":{"unit":"em","size":"0","sizes":[]},"icon_spacing":{"unit":"px","size":20,"sizes":[]},"hover_secondary_color":"#2E2E2E","align":"","icon_size_tablet":{"unit":"px","size":"18","sizes":[]},"__globals__":{"hover_secondary_color":"","icon_primary_color":"globals\/colors?id=transparent"},"pa_condition_repeater":[],"premium_tooltip_text":"Hi, I'm a global tooltip.","premium_tooltip_position":"top,bottom","pa_cursor_ftext":"Premium Follow Text","pa_badge_text":"New","premium_mscroll_repeater":[],"ai":{"generator":"websitePlanner","baseTemplateId":"undefined","blockId":"undefined","requestIds":{"sessionId":"wp-session-3bda7ea2-b2ee-4ba8-84cb-3666e16a85ba","generateId":"wp-page-footer","batchId":"wp-section-footer"}}},"elements":[],"isInner":false,"widgetType":"social-icons","elType":"widget"},{"id":"76203b8e","settings":{"align_items":"left","animation_line":"d\u00e9roulant","animation_text":"none","color_menu_item_hover":"#2E2E2E","pointer_color_menu_item_hover":"#2E2E2E","menu_typography_font_size":{"unit":"px","size":"16","sizes":[]},"pointer_width":{"unit":"px","size":1,"sizes":[]},"color_dropdown_item":"#8D99AE","color_dropdown_item_hover":"#2E2E2E","dropdown_typography_typography":"custom","dropdown_typography_font_size":{"unit":"px","size":15,"sizes":[]},"toggle_color":"#8D99AE","toggle_color_hover":"#8D99AE","toggle_border_width":{"unit":"px","size":"0","sizes":[]},"toggle_border_radius":{"unit":"px","size":"0","sizes":[]},"dropdown":"mobile","menu_typography_font_size_tablet":{"unit":"px","size":14,"sizes":[]},"menu_typography_font_weight":"400","padding_horizontal_menu_item":{"unit":"px","size":8,"sizes":[]},"toggle_align":"right","full_width":"stretch","text_align":"center","dropdown_top_distance_mobile":{"unit":"px","size":16,"sizes":[]},"menu_typography_text_transform":"capitalize","menu_typography_font_style":"normal","menu_typography_text_decoration":"none","menu_typography_line_height":{"unit":"custom","size":"150%","sizes":[]},"menu_typography_line_height_tablet":{"unit":"custom","size":"","sizes":[]},"menu_typography_line_height_mobile":{"unit":"custom","size":"","sizes":[]},"color_menu_item":"#8D99AE","color_menu_item_active":"#2E2E2E","pointer_width_tablet":{"unit":"px","size":1,"sizes":[]},"padding_horizontal_menu_item_tablet":{"unit":"px","size":8,"sizes":[]},"dropdown_typography_font_family":"Poppins","dropdown_typography_font_size_tablet":{"unit":"px","size":13,"sizes":[]},"dropdown_typography_font_size_mobile":{"unit":"px","size":15,"sizes":[]},"dropdown_typography_font_weight":"400","dropdown_typography_text_transform":"capitalize","dropdown_typography_font_style":"normal","dropdown_typography_text_decoration":"none","dropdown_border_border":"solid","dropdown_border_width":{"unit":"px","top":"1","right":"1","bottom":"1","left":"1","isLinked":true},"dropdown_border_width_mobile":{"unit":"px","top":"1","right":"1","bottom":"1","left":"1","isLinked":false},"dropdown_border_color":"#8D99AE","padding_horizontal_dropdown_item_tablet":{"unit":"px","size":15,"sizes":[]},"padding_vertical_dropdown_item_mobile":{"unit":"px","size":20,"sizes":[]},"dropdown_top_distance":{"unit":"px","size":-2,"sizes":[]},"dropdown_top_distance_tablet":{"unit":"px","size":-2,"sizes":[]},"toggle_border_width_tablet":{"unit":"px","size":"1","sizes":[]},"toggle_border_radius_tablet":{"unit":"px","size":"0","sizes":[]},"_padding_tablet":{"unit":"px","top":"0","right":"0","bottom":"0","left":"0","isLinked":false},"_element_width":"auto","_element_custom_width":{"unit":"%","size":70,"sizes":[]},"__globals__":{"menu_typography_typography":"globals\/typography?id=text","toggle_background_color":"globals\/colors?id=transparent","toggle_color":"","background_color_dropdown_item":"globals\/colors?id=background","background_color_dropdown_item_hover":"globals\/colors?id=background","color_dropdown_item_hover":"","toggle_color_hover":"","pointer_color_menu_item_active":"globals\/colors?id=transparent","color_menu_item_hover_pointer_bg":"globals\/colors?id=background","color_menu_item_active":""},"menu_name":"Navigation","pa_condition_repeater":[],"premium_tooltip_text":"Hi, I'm a global tooltip.","premium_tooltip_position":"top,bottom","pa_cursor_ftext":"Premium Follow Text","pa_badge_text":"New","premium_mscroll_repeater":[],"ai":{"generator":"websitePlanner","baseTemplateId":"undefined","blockId":"undefined","requestIds":{"sessionId":"wp-session-3bda7ea2-b2ee-4ba8-84cb-3666e16a85ba","generateId":"wp-page-footer","batchId":"wp-section-footer"}}},"elements":[],"isInner":false,"widgetType":"nav-menu","elType":"widget"}],"isInner":true,"elType":"container"}],"isInner":true,"elType":"container"},{"id":"295e2319","settings":{"content_position":"middle","structure":"20","flex_direction":"row","flex_align_items":"center","flex_gap":{"size":0,"unit":"px","column":"0","row":"0","isLinked":true},"content_width":"full","flex_justify_content":"space-between","flex_gap_mobile":{"unit":"px","size":20,"sizes":[],"column":"20","row":"20","isLinked":true},"padding":{"unit":"px","top":"0","right":"0","bottom":"0","left":"0","isLinked":true},"pa_condition_repeater":[],"premium_tooltip_text":"Hi, I'm a global tooltip.","premium_tooltip_position":"top,bottom","premium_parallax_layers_list":[],"premium_gradient_colors_repeater":[],"premium_kenburns_repeater":[],"premium_lottie_repeater":[],"premium_blob_repeater":[],"pa_cursor_ftext":"Premium Follow Text","pa_badge_text":"New","ai":{"generator":"websitePlanner","baseTemplateId":"undefined","blockId":"undefined","requestIds":{"sessionId":"wp-session-3bda7ea2-b2ee-4ba8-84cb-3666e16a85ba","generateId":"wp-page-footer","batchId":"wp-section-footer"}}},"elements":[{"id":"5a3cc1eb","settings":{"_column_size":50,"width":{"size":null,"unit":"%"},"content_width":"full","flex_direction":"row","flex_direction_mobile":"column","flex_justify_content":"center","flex_align_items":"center","padding":{"unit":"px","top":"0","right":"0","bottom":"0","left":"0","isLinked":true},"pa_condition_repeater":[],"premium_tooltip_text":"Hi, I'm a global tooltip.","premium_tooltip_position":"top,bottom","premium_parallax_layers_list":[],"premium_gradient_colors_repeater":[],"premium_kenburns_repeater":[],"premium_lottie_repeater":[],"premium_blob_repeater":[],"pa_cursor_ftext":"Premium Follow Text","pa_badge_text":"New","ai":{"generator":"websitePlanner","baseTemplateId":"undefined","blockId":"undefined","requestIds":{"sessionId":"wp-session-3bda7ea2-b2ee-4ba8-84cb-3666e16a85ba","generateId":"wp-page-footer","batchId":"wp-section-footer"}}},"elements":[{"id":"501bd310","settings":{"title":"\u00a9 Tous droits r\u00e9serv\u00e9s.","header_size":"p","align":"center","__globals__":{"title_color":"","typography_typography":"globals\/typography?id=text"},"__dynamic__":{"title":"[elementor-tag id=\"17f9cbb\" name=\"current-date-time\" settings=\"%7B%22date_format%22%3A%22custom%22%2C%22custom_format%22%3A%22Y%22%2C%22before%22%3A%22%5Cu00a9+%22%2C%22after%22%3A%22+All+Rights+Reserved.%22%2C%22time_format%22%3A%22default%22%2C%22fallback%22%3A%22%22%7D\"]"},"title_color":"#8D99AE","typography_font_size":{"unit":"px","size":16,"sizes":[]},"typography_font_size_tablet":{"unit":"px","size":14,"sizes":[]},"typography_font_weight":"400","typography_text_transform":"none","typography_font_style":"normal","typography_text_decoration":"none","typography_line_height":{"unit":"em","size":1.5,"sizes":[]},"typography_letter_spacing":{"unit":"px","size":0,"sizes":[]},"pa_condition_repeater":[],"premium_tooltip_text":"Hi, I'm a global tooltip.","premium_tooltip_position":"top,bottom","pa_cursor_ftext":"Premium Follow Text","pa_badge_text":"New","premium_mscroll_repeater":[],"ai":{"generator":"websitePlanner","baseTemplateId":"undefined","blockId":"undefined","requestIds":{"sessionId":"wp-session-3bda7ea2-b2ee-4ba8-84cb-3666e16a85ba","generateId":"wp-page-footer","batchId":"wp-section-footer"}}},"elements":[],"isInner":false,"widgetType":"heading","elType":"widget"}],"isInner":true,"elType":"container"}],"isInner":true,"elType":"container"}],"isInner":false,"elType":"container"}],"settings":[],"metadata":[]}