{"content":[{"id":"12a8c9a5","settings":{"boxed_width":{"unit":"px","size":1280,"sizes":[]},"border_width":{"unit":"px","top":"1","right":"1","bottom":"1","left":"1","isLinked":true},"margin_mobile":{"unit":"px","top":"0","right":"0","bottom":"0","left":"0","isLinked":false},"flex_direction":"row","flex_align_items":"center","flex_gap":{"unit":"px","size":16,"sizes":[],"column":"16","row":"16","isLinked":true},"flex_justify_content":"space-between","flex_gap_mobile":{"unit":"px","size":16,"sizes":[],"column":"16","row":"16","isLinked":true},"padding":{"unit":"px","top":"16","right":"24","bottom":"16","left":"24","isLinked":false},"background_background":"classic","__globals__":{"background_color":"globals\/colors?id=background","border_color":""},"width":{"size":null,"unit":"%"},"width_mobile":{"size":100,"unit":"%"},"flex_direction_tablet":"row","flex_justify_content_mobile":"space-between","flex_gap_tablet":{"unit":"px","size":8,"sizes":[],"column":"8","row":"8","isLinked":true},"padding_tablet":{"unit":"px","top":"16","right":"24","bottom":"16","left":"24","isLinked":false},"ai":{"generator":"websitePlanner","baseTemplateId":"undefined","blockId":"undefined","requestIds":{"sessionId":"wp-session-3bda7ea2-b2ee-4ba8-84cb-3666e16a85ba","generateId":"wp-page-header","batchId":"wp-section-header"}},"_title":"Navigation du Site"},"elements":[{"id":"5a4f99eb","settings":{"content_width":"full","__dynamic__":{"image":"[elementor-tag id=\"\" name=\"site-logo\" settings=\"%7B%7D\"]"},"width":{"unit":"px","size":100,"sizes":[]},"width_tablet":{"unit":"px","size":128,"sizes":[]},"width_mobile":{"unit":"px","size":85,"sizes":[]},"_margin_mobile":{"unit":"px","top":"0","right":"0","bottom":"0","left":"0","isLinked":false},"_padding_mobile":{"unit":"px","top":"0","right":"0","bottom":"0","left":"0","isLinked":false},"ai":{"generator":"websitePlanner","baseTemplateId":"undefined","blockId":"undefined","requestIds":{"sessionId":"wp-session-3bda7ea2-b2ee-4ba8-84cb-3666e16a85ba","generateId":"wp-page-header","batchId":"wp-section-header"}}},"elements":[],"isInner":false,"widgetType":"theme-site-logo","elType":"widget"},{"id":"6501c3cb","settings":{"animation_text":"rotate","full_width":"stretch","toggle_align":"right","padding_horizontal_menu_item":{"unit":"px","size":8,"sizes":[]},"_element_width":"auto","__globals__":{"menu_typography_typography":"globals\/typography?id=text","toggle_background_color":"globals\/colors?id=transparent","toggle_color":"","background_color_dropdown_item":"globals\/colors?id=background","background_color_dropdown_item_hover":"globals\/colors?id=background","color_dropdown_item_hover":"","toggle_color_hover":"","pointer_color_menu_item_active":"","color_menu_item_hover_pointer_bg":"globals\/colors?id=background","color_menu_item_active":""},"animation_background":"sweep-right","text_align":"center","dropdown_top_distance_tablet":{"unit":"px","size":-2,"sizes":[]},"toggle_border_width_tablet":{"unit":"px","size":"1","sizes":[]},"toggle_border_radius_tablet":{"unit":"px","size":"0","sizes":[]},"menu_typography_font_size":{"unit":"px","size":"16","sizes":[]},"menu_typography_font_weight":"400","menu_typography_text_transform":"capitalize","menu_typography_font_style":"normal","menu_typography_text_decoration":"none","color_menu_item":"#8D99AE","pointer_color_menu_item_hover":"#2E2E2E","color_menu_item_active":"#2E2E2E","pointer_color_menu_item_active":"#2E2E2E","color_dropdown_item_hover":"#2E2E2E","dropdown_typography_typography":"custom","dropdown_typography_font_family":"Poppins","dropdown_typography_font_size":{"unit":"px","size":15,"sizes":[]},"dropdown_typography_font_weight":"400","dropdown_typography_text_transform":"capitalize","dropdown_typography_font_style":"normal","dropdown_typography_text_decoration":"none","toggle_color":"#8D99AE","toggle_color_hover":"#8D99AE","dropdown_typography_line_height":{"unit":"em","size":"1.3","sizes":[]},"toggle_border_width":{"unit":"px","size":"0","sizes":[]},"toggle_border_radius":{"unit":"px","size":"0","sizes":[]},"animation_line":"d\u00e9calage","color_menu_item_hover":"#2E2E2E","pointer_width":{"unit":"px","size":1,"sizes":[]},"color_dropdown_item":"#8D99AE","dropdown_border_border":"solid","dropdown_border_width":{"unit":"px","top":"1","right":"1","bottom":"1","left":"1","isLinked":true},"dropdown_border_color":"#8D99AE","dropdown_top_distance":{"unit":"px","size":-2,"sizes":[]},"dropdown":"mobile","menu_typography_font_size_tablet":{"unit":"px","size":14,"sizes":[]},"pointer_width_tablet":{"unit":"px","size":1,"sizes":[]},"padding_horizontal_menu_item_tablet":{"unit":"px","size":8,"sizes":[]},"dropdown_typography_font_size_tablet":{"unit":"px","size":13,"sizes":[]},"dropdown_typography_font_size_mobile":{"unit":"px","size":15,"sizes":[]},"dropdown_border_width_mobile":{"unit":"px","top":"1","right":"1","bottom":"1","left":"1","isLinked":false},"padding_horizontal_dropdown_item_tablet":{"unit":"px","size":15,"sizes":[]},"padding_vertical_dropdown_item_mobile":{"unit":"px","size":20,"sizes":[]},"dropdown_top_distance_mobile":{"unit":"px","size":16,"sizes":[]},"_padding_tablet":{"unit":"px","top":"0","right":"0","bottom":"0","left":"0","isLinked":false},"align_items":"center","_element_custom_width":{"unit":"%","size":70,"sizes":[]},"menu_typography_line_height":{"unit":"custom","size":"150%","sizes":[]},"menu_typography_line_height_tablet":{"unit":"custom","size":"","sizes":[]},"menu_typography_line_height_mobile":{"unit":"custom","size":"","sizes":[]},"menu_id":7,"menu_name":"Navigation","pointer_width_mobile":{"unit":"px","size":1,"sizes":[]},"_flex_order_mobile":"end","toggle_border_width_mobile":{"unit":"px","size":0,"sizes":[]},"ai":{"generator":"websitePlanner","baseTemplateId":"undefined","blockId":"undefined","requestIds":{"sessionId":"wp-session-3bda7ea2-b2ee-4ba8-84cb-3666e16a85ba","generateId":"wp-page-header","batchId":"wp-section-header"}}},"elements":[],"isInner":false,"widgetType":"nav-menu","elType":"widget"},{"id":"11d28bbd","settings":{"text":"Nous Contacter","_margin":{"unit":"px","top":"0","right":"0","bottom":"0","left":"0","isLinked":false},"_element_width":"auto","border_border":"solid","border_width":{"unit":"px","top":"1","right":"1","bottom":"1","left":"1","isLinked":"1"},"border_color":"#D90429","border_radius":{"unit":"px","top":"","right":"","bottom":"","left":"","isLinked":"1"},"text_padding":{"unit":"px","top":"8","right":"20","bottom":"8","left":"20","isLinked":""},"__globals__":{"button_text_color":"globals\/colors?id=background","hover_color":"","button_background_hover_color":"globals\/colors?id=transparent","button_hover_border_color":"","border_color":"","background_color":"","typography_typography":"globals\/typography?id=text"},"text_padding_mobile":{"unit":"px","top":"8","right":"15","bottom":"8","left":"15","isLinked":""},"_margin_mobile":{"unit":"px","top":"0","right":"0","bottom":"0","left":"0","isLinked":""},"typography_font_size":{"unit":"px","size":16,"sizes":[]},"typography_font_weight":"400","typography_text_transform":"capitalize","typography_font_style":"normal","typography_text_decoration":"none","typography_line_height":{"unit":"custom","size":"150%","sizes":[]},"background_color":"#D90429","typography_font_size_mobile":{"unit":"px","size":15,"sizes":[]},"_margin_tablet":{"unit":"px","top":"0","right":"0","bottom":"0","left":"0","isLinked":false},"_element_custom_width":{"unit":"%","size":15,"sizes":[]},"icon_indent":{"unit":"px","size":0,"sizes":[]},"typography_font_size_tablet":{"unit":"custom","size":"","sizes":[]},"typography_line_height_tablet":{"unit":"px","size":"","sizes":[]},"typography_line_height_mobile":{"unit":"px","size":"","sizes":[]},"button_background_hover_background":"","_padding":{"unit":"px","top":"0","right":"0","bottom":"0","left":"0","isLinked":false},"_flex_align_self":"center","align_mobile":"right","_flex_size_mobile":"grow","ai":{"generator":"websitePlanner","baseTemplateId":"undefined","blockId":"undefined","requestIds":{"sessionId":"wp-session-3bda7ea2-b2ee-4ba8-84cb-3666e16a85ba","generateId":"wp-page-header","batchId":"wp-section-header"}}},"elements":[],"isInner":false,"widgetType":"button","elType":"widget"}],"isInner":false,"elType":"container"}],"settings":[],"metadata":[]}