{"content":[{"id":"29da249b","settings":{"gap_columns_custom_mobile":{"unit":"px","size":143,"sizes":[]},"custom_height":{"unit":"px","size":200,"sizes":[]},"custom_height_tablet":{"unit":"px","size":250,"sizes":[]},"custom_height_mobile":{"unit":"px","size":180,"sizes":[]},"flex_align_items":"center","structure":"20","padding":{"unit":"px","top":"0","right":"24","bottom":"0","left":"24","isLinked":false},"padding_tablet":{"unit":"px","top":"0","right":"16","bottom":"0","left":"16","isLinked":false},"padding_mobile":{"unit":"px","top":"48","right":"16","bottom":"48","left":"16","isLinked":false},"flex_direction":"column","flex_gap":{"size":48,"unit":"px","column":"48","row":"48","isLinked":true},"boxed_width":{"unit":"px","size":1280,"sizes":[]},"flex_gap_tablet":{"unit":"px","size":16,"sizes":[],"column":"16","row":"16","isLinked":true},"min_height_tablet":{"unit":"px","size":450},"background_background":"classic","__globals__":{"background_color":"","background_overlay_color":""},"min_height":{"unit":"px","size":550},"min_height_mobile":{"unit":"px","size":0},"flex_direction_mobile":"column","flex_justify_content":"center","flex_justify_content_mobile":"center","flex_align_items_mobile":"center","background_image":{"id":52544,"url":"https:\/\/website-planner-02.elementor.cloud\/wp-content\/uploads\/2025\/04\/wireframe-img-1.png"},"background_position":"center center","background_size":"cover","background_overlay_background":"classic","background_overlay_color":"#2B2D42","background_overlay_opacity":{"unit":"px","size":0.6,"sizes":[]},"pa_condition_repeater":[],"premium_tooltip_text":"Hi, I'm a global tooltip.","premium_tooltip_position":"top,bottom","premium_parallax_layers_list":[],"premium_gradient_colors_repeater":[],"premium_kenburns_repeater":[],"premium_lottie_repeater":[],"premium_blob_repeater":[],"pa_cursor_ftext":"Premium Follow Text","pa_badge_text":"New","ai":{"generator":"websitePlanner","baseTemplateId":"undefined","blockId":"undefined","requestIds":{"sessionId":"wp-session-3bda7ea2-b2ee-4ba8-84cb-3666e16a85ba","generateId":"wp-page-home","batchId":"wp-section-hero-section"}},"_title":"Services Urologiques"},"elements":[{"id":"14597787","settings":{"_column_size":50,"width":{"size":null,"unit":"%"},"padding_mobile":{"unit":"px","top":"0","right":"0","bottom":"0","left":"0","isLinked":false},"flex_justify_content_mobile":"center","flex_gap":{"size":16,"unit":"px","column":"16","row":"16","isLinked":true},"flex_gap_tablet":{"size":16,"unit":"px","column":"16","row":"16","isLinked":true},"padding_tablet":{"unit":"px","top":"0","right":"0","bottom":"0","left":"0","isLinked":false},"content_width":"full","padding":{"unit":"px","top":"0","right":"0","bottom":"0","left":"0","isLinked":false},"flex_gap_mobile":{"unit":"px","size":0,"sizes":[],"column":"0","row":"0","isLinked":true},"flex_align_items":"center","pa_condition_repeater":[],"premium_tooltip_text":"Hi, I'm a global tooltip.","premium_tooltip_position":"top,bottom","premium_parallax_layers_list":[],"premium_gradient_colors_repeater":[],"premium_kenburns_repeater":[],"premium_lottie_repeater":[],"premium_blob_repeater":[],"pa_cursor_ftext":"Premium Follow Text","pa_badge_text":"New","ai":{"generator":"websitePlanner","baseTemplateId":"undefined","blockId":"undefined","requestIds":{"sessionId":"wp-session-3bda7ea2-b2ee-4ba8-84cb-3666e16a85ba","generateId":"wp-page-home","batchId":"wp-section-hero-section"}}},"elements":[{"id":"1bce141f","settings":{"title":"Trouvez nos services facilement","typography_font_size":{"unit":"px","size":48,"sizes":[]},"typography_font_weight":"600","align_mobile":"center","typography_font_size_tablet":{"unit":"px","size":40,"sizes":[]},"typography_font_size_mobile":{"unit":"px","size":32,"sizes":[]},"typography_line_height_tablet":{"unit":"custom","size":"","sizes":[]},"typography_line_height":{"unit":"custom","size":"120%","sizes":[]},"typography_line_height_mobile":{"unit":"custom","size":"120%","sizes":[]},"align_tablet":"center","__globals__":{"title_color":"globals\/colors?id=background","typography_typography":"globals\/typography?id=heading-l"},"pa_condition_repeater":[],"premium_tooltip_text":"Hi, I'm a global tooltip.","premium_tooltip_position":"top,bottom","pa_cursor_ftext":"Premium Follow Text","pa_badge_text":"New","premium_mscroll_repeater":[],"typography_font_style":"normal","typography_text_decoration":"none","ai":{"generator":"websitePlanner","baseTemplateId":"undefined","blockId":"undefined","requestIds":{"sessionId":"wp-session-3bda7ea2-b2ee-4ba8-84cb-3666e16a85ba","generateId":"wp-page-home","batchId":"wp-section-hero-section"}}},"elements":[],"isInner":false,"widgetType":"heading","elType":"widget"}],"isInner":true,"elType":"container"},{"id":"32ac2ef","settings":{"_column_size":50,"width":{"size":null,"unit":"%"},"padding_mobile":{"unit":"px","top":"0","right":"0","bottom":"0","left":"0","isLinked":false},"flex_justify_content_mobile":"center","flex_gap":{"size":32,"unit":"px","column":"32","row":"32","isLinked":true},"flex_gap_tablet":{"size":16,"unit":"px","column":"16","row":"16","isLinked":true},"padding_tablet":{"unit":"px","top":"0","right":"0","bottom":"0","left":"0","isLinked":false},"content_width":"full","flex_gap_mobile":{"unit":"px","size":16,"sizes":[],"column":"16","row":"16","isLinked":true},"padding":{"unit":"px","top":"0","right":"0","bottom":"0","left":"0","isLinked":false},"flex_align_items":"center","pa_condition_repeater":[],"premium_tooltip_text":"Hi, I'm a global tooltip.","premium_tooltip_position":"top,bottom","premium_parallax_layers_list":[],"premium_gradient_colors_repeater":[],"premium_kenburns_repeater":[],"premium_lottie_repeater":[],"premium_blob_repeater":[],"pa_cursor_ftext":"Premium Follow Text","pa_badge_text":"New","ai":{"generator":"websitePlanner","baseTemplateId":"undefined","blockId":"undefined","requestIds":{"sessionId":"wp-session-3bda7ea2-b2ee-4ba8-84cb-3666e16a85ba","generateId":"wp-page-home","batchId":"wp-section-hero-section"}}},"elements":[{"id":"5a183332","settings":{"editor":"<p>Bienvenue sur notre site. Notre cabinet est d\u00e9di\u00e9 \u00e0 vous fournir des soins urologiques de qualit\u00e9. Nous nous engageons \u00e0 vous accompagner avec empathy, en comprenant vos pr\u00e9occupations et en vous offrant des solutions adapt\u00e9es \u00e0 vos besoins. N'h\u00e9sitez pas \u00e0 explorer nos services et \u00e0 nous contacter pour toute question.<\/p>","align":"center","typography_font_size":{"unit":"px","size":16,"sizes":[]},"typography_font_weight":"400","typography_line_height":{"unit":"em","size":1.5,"sizes":[]},"_margin":{"unit":"px","top":"0","right":"0","bottom":"-10","left":"0","isLinked":false},"align_mobile":"center","typography_font_size_tablet":{"unit":"px","size":14,"sizes":[]},"typography_text_transform":"none","typography_font_style":"normal","typography_text_decoration":"none","typography_letter_spacing":{"unit":"px","size":0,"sizes":[]},"__globals__":{"typography_typography":"globals\/typography?id=text","text_color":"globals\/colors?id=background"},"pa_condition_repeater":[],"premium_tooltip_text":"Hi, I'm a global tooltip.","premium_tooltip_position":"top,bottom","pa_cursor_ftext":"Premium Follow Text","pa_badge_text":"New","premium_mscroll_repeater":[],"ai":{"generator":"websitePlanner","baseTemplateId":"undefined","blockId":"undefined","requestIds":{"sessionId":"wp-session-3bda7ea2-b2ee-4ba8-84cb-3666e16a85ba","generateId":"wp-page-home","batchId":"wp-section-hero-section"}}},"elements":[],"isInner":false,"widgetType":"text-editor","elType":"widget"},{"id":"5ff96914","settings":{"content_width":"full","placeholder":"Recherchez...","button_text":"Chercher","input_typography_font_size":{"unit":"px","size":16,"sizes":[]},"input_typography_font_size_tablet":{"unit":"px","size":14,"sizes":[]},"input_typography_font_weight":"400","input_typography_text_transform":"none","input_typography_font_style":"normal","input_typography_text_decoration":"none","input_typography_line_height":{"unit":"em","size":1.5,"sizes":[]},"input_typography_letter_spacing":{"unit":"px","size":0,"sizes":[]},"input_text_color":"#2E2E2E","input_background_color":"#EDF2F4","button_text_color":"#EDF2F4","button_background_color":"#D90429","_element_width":"initial","_element_custom_width":{"unit":"%","size":60,"sizes":[]},"_element_custom_width_mobile":{"unit":"%","size":100,"sizes":[]},"__globals__":{"input_typography_typography":"globals\/typography?id=text","input_text_color":"","input_background_color":"","button_text_color":"","button_background_color":""},"pa_condition_repeater":[],"premium_tooltip_text":"Hi, I'm a global tooltip.","premium_tooltip_position":"top,bottom","pa_cursor_ftext":"Premium Follow Text","pa_badge_text":"New","premium_mscroll_repeater":[],"ai":{"generator":"websitePlanner","baseTemplateId":"undefined","blockId":"undefined","requestIds":{"sessionId":"wp-session-3bda7ea2-b2ee-4ba8-84cb-3666e16a85ba","generateId":"wp-page-home","batchId":"wp-section-hero-section"}}},"elements":[],"isInner":false,"widgetType":"search-form","elType":"widget"}],"isInner":true,"elType":"container"}],"isInner":false,"elType":"container"},{"id":"376e1089","settings":{"layout":"full_width","flex_gap":{"size":48,"unit":"px","column":"48","row":"48","isLinked":true},"_title":"Services m\u00e9dicaux","padding":{"unit":"px","top":"100","right":"24","bottom":"100","left":"24","isLinked":false},"padding_tablet":{"unit":"px","top":"80","right":"16","bottom":"80","left":"16","isLinked":false},"padding_mobile":{"unit":"px","top":"48","right":"16","bottom":"48","left":"16","isLinked":false},"flex_direction":"column","min_height_tablet":{"unit":"px","size":0,"sizes":[]},"boxed_width":{"unit":"px","size":1280,"sizes":[]},"flex_align_items_tablet":"flex-start","flex_gap_tablet":{"unit":"px","size":32,"sizes":[],"column":"32","row":"32","isLinked":true},"flex_gap_mobile":{"unit":"px","size":32,"sizes":[],"column":"32","row":"32","isLinked":true},"pa_condition_repeater":[],"premium_tooltip_text":"Hi, I'm a global tooltip.","premium_tooltip_position":"top,bottom","premium_parallax_layers_list":[],"premium_gradient_colors_repeater":[],"premium_kenburns_repeater":[],"premium_lottie_repeater":[],"premium_blob_repeater":[],"pa_cursor_ftext":"Premium Follow Text","pa_badge_text":"New","ai":{"generator":"websitePlanner","baseTemplateId":"undefined","blockId":"undefined","requestIds":{"sessionId":"wp-session-3bda7ea2-b2ee-4ba8-84cb-3666e16a85ba","generateId":"wp-page-home","batchId":"wp-section-services-overview"}}},"elements":[{"id":"2cb0e62d","settings":{"boxed_width":{"unit":"px","size":650,"sizes":[]},"flex_direction":"column","flex_gap":{"unit":"px","size":10,"sizes":[],"column":"10","row":"10","isLinked":true},"padding":{"unit":"px","top":"0","right":"0","bottom":"0","left":"0","isLinked":true},"pa_condition_repeater":[],"premium_tooltip_text":"Hi, I'm a global tooltip.","premium_tooltip_position":"top,bottom","premium_parallax_layers_list":[],"premium_gradient_colors_repeater":[],"premium_kenburns_repeater":[],"premium_lottie_repeater":[],"premium_blob_repeater":[],"pa_cursor_ftext":"Premium Follow Text","pa_badge_text":"New","ai":{"generator":"websitePlanner","baseTemplateId":"undefined","blockId":"undefined","requestIds":{"sessionId":"wp-session-3bda7ea2-b2ee-4ba8-84cb-3666e16a85ba","generateId":"wp-page-home","batchId":"wp-section-services-overview"}}},"elements":[{"id":"2c356bf5","settings":{"title":"Votre bien-\u00eatre est notre priorit\u00e9","header_size":"h5","title_color":"#2E2E2E","typography_font_size":{"unit":"px","size":18,"sizes":[]},"typography_font_weight":"500","align":"center","typography_font_size_tablet":{"unit":"px","size":18,"sizes":[]},"typography_font_size_mobile":{"unit":"px","size":16,"sizes":[]},"typography_text_transform":"none","typography_font_style":"normal","typography_text_decoration":"none","typography_line_height":{"unit":"custom","size":"140%","sizes":[]},"typography_line_height_tablet":{"unit":"px","size":"","sizes":[]},"typography_line_height_mobile":{"unit":"px","size":"","sizes":[]},"typography_letter_spacing":{"unit":"px","size":0,"sizes":[]},"typography_word_spacing":{"unit":"em","size":"","sizes":[]},"pa_condition_repeater":[],"premium_tooltip_text":"Hi, I'm a global tooltip.","premium_tooltip_position":"top,bottom","pa_cursor_ftext":"Premium Follow Text","pa_badge_text":"New","premium_mscroll_repeater":[],"__globals__":{"typography_typography":"globals\/typography?id=heading-s"},"ai":{"generator":"websitePlanner","baseTemplateId":"undefined","blockId":"undefined","requestIds":{"sessionId":"wp-session-3bda7ea2-b2ee-4ba8-84cb-3666e16a85ba","generateId":"wp-page-home","batchId":"wp-section-services-overview"}}},"elements":[],"isInner":false,"widgetType":"heading","elType":"widget"},{"id":"2d1f2a50","settings":{"title":"Explorez nos soins urologiques sp\u00e9cialis\u00e9s","align":"center","title_color":"#8D99AE","typography_font_size":{"unit":"px","size":48,"sizes":[]},"typography_font_weight":"600","typography_font_size_tablet":{"unit":"px","size":40,"sizes":[]},"typography_font_size_mobile":{"unit":"px","size":32,"sizes":[]},"typography_line_height_tablet":{"unit":"custom","size":"","sizes":[]},"typography_line_height":{"unit":"custom","size":"120%","sizes":[]},"typography_line_height_mobile":{"unit":"custom","size":"120%","sizes":[]},"typography_font_style":"normal","typography_text_decoration":"none","pa_condition_repeater":[],"premium_tooltip_text":"Hi, I'm a global tooltip.","premium_tooltip_position":"top,bottom","pa_cursor_ftext":"Premium Follow Text","pa_badge_text":"New","premium_mscroll_repeater":[],"__globals__":{"typography_typography":"globals\/typography?id=heading-l"},"ai":{"generator":"websitePlanner","baseTemplateId":"undefined","blockId":"undefined","requestIds":{"sessionId":"wp-session-3bda7ea2-b2ee-4ba8-84cb-3666e16a85ba","generateId":"wp-page-home","batchId":"wp-section-services-overview"}}},"elements":[],"isInner":false,"widgetType":"heading","elType":"widget"}],"isInner":true,"elType":"container"},{"id":"3b705c57","settings":{"layout":"full_width","flex_gap":{"size":50,"unit":"px","column":"50","row":"50","isLinked":true},"structure":"40","margin":{"unit":"%","top":"","right":"","bottom":"","left":"","isLinked":true},"margin_tablet":{"unit":"%","top":"","right":"","bottom":"","left":"","isLinked":true},"margin_mobile":{"unit":"%","top":"","right":"","bottom":"","left":"","isLinked":true},"height_inner":"min-height","custom_height_inner":{"unit":"px","size":"324","sizes":[]},"flex_direction":"row","flex_align_items":"stretch","content_width":"full","flex_direction_tablet":"row","flex_justify_content":"space-evenly","flex_justify_content_tablet":"space-between","flex_align_items_tablet":"stretch","flex_gap_tablet":{"unit":"px","size":50,"sizes":[],"column":"50","row":"50","isLinked":true},"flex_gap_mobile":{"unit":"px","size":65,"sizes":[],"column":"65","row":"65","isLinked":true},"flex_wrap_tablet":"wrap","padding":{"unit":"px","top":"0","right":"0","bottom":"0","left":"0","isLinked":true},"pa_condition_repeater":[],"premium_tooltip_text":"Hi, I'm a global tooltip.","premium_tooltip_position":"top,bottom","premium_parallax_layers_list":[],"premium_gradient_colors_repeater":[],"premium_kenburns_repeater":[],"premium_lottie_repeater":[],"premium_blob_repeater":[],"pa_cursor_ftext":"Premium Follow Text","pa_badge_text":"New","ai":{"generator":"websitePlanner","baseTemplateId":"undefined","blockId":"undefined","requestIds":{"sessionId":"wp-session-3bda7ea2-b2ee-4ba8-84cb-3666e16a85ba","generateId":"wp-page-home","batchId":"wp-section-services-overview"}}},"elements":[{"id":"470cc58f","settings":{"_column_size":"25","width_tablet":{"size":45,"unit":"%"},"flex_gap":{"size":24,"unit":"px","column":"24","row":"24","isLinked":true},"padding":{"unit":"%","top":"0","right":"0","bottom":"0","left":"0","isLinked":true},"padding_tablet":{"unit":"%","top":"","right":"","bottom":"","left":"","isLinked":true},"padding_mobile":{"unit":"%","top":"","right":"","bottom":"","left":"","isLinked":"1"},"content_width":"full","width":{"unit":"%","size":25,"sizes":[]},"flex_direction":"column","flex_align_items":"center","pa_condition_repeater":[],"premium_tooltip_text":"Hi, I'm a global tooltip.","premium_tooltip_position":"top,bottom","premium_parallax_layers_list":[],"premium_gradient_colors_repeater":[],"premium_kenburns_repeater":[],"premium_lottie_repeater":[],"premium_blob_repeater":[],"pa_cursor_ftext":"Premium Follow Text","pa_badge_text":"New","ai":{"generator":"websitePlanner","baseTemplateId":"undefined","blockId":"undefined","requestIds":{"sessionId":"wp-session-3bda7ea2-b2ee-4ba8-84cb-3666e16a85ba","generateId":"wp-page-home","batchId":"wp-section-services-overview"}}},"elements":[{"id":"6d4e21d2","settings":{"view":"stacked","primary_color":"#D90429","__globals__":{"primary_color":"","secondary_color":"globals\/colors?id=background"},"size":{"unit":"px","size":32,"sizes":[]},"pa_condition_repeater":[],"premium_tooltip_text":"Hi, I'm a global tooltip.","premium_tooltip_position":"top,bottom","pa_cursor_ftext":"Premium Follow Text","pa_badge_text":"New","premium_mscroll_repeater":[],"ai":{"generator":"websitePlanner","baseTemplateId":"undefined","blockId":"undefined","requestIds":{"sessionId":"wp-session-3bda7ea2-b2ee-4ba8-84cb-3666e16a85ba","generateId":"wp-page-home","batchId":"wp-section-services-overview"}}},"elements":[],"isInner":false,"widgetType":"icon","elType":"widget"},{"id":"4b924e5d","settings":{"bg_image":{"url":"","id":"","alt":"","source":"library"},"selected_icon":{"value":"","library":""},"title":"\u00c9valuation urologique","description":"Nous proposons une \u00e9valuation approfondie de votre sant\u00e9 urologique pour d\u00e9terminer le meilleur plan d'action. Nos sp\u00e9cialistes \u00e9coutent vos pr\u00e9occupations et passent en revue vos ant\u00e9c\u00e9dents m\u00e9dicaux.","title_tag":"h3","button":"","vertical_position":"middle","icon_primary_color":"#212121","icon_size":{"unit":"px","size":"87","sizes":[]},"title_typography_font_size":{"unit":"px","size":24,"sizes":[]},"title_typography_font_size_tablet":{"unit":"px","size":22,"sizes":[]},"title_typography_font_weight":"600","title_typography_text_transform":"none","title_typography_font_style":"normal","title_typography_text_decoration":"none","title_typography_line_height":{"unit":"custom","size":"140%","sizes":[]},"title_typography_letter_spacing":{"unit":"px","size":0,"sizes":[]},"title_spacing":{"unit":"px","size":"16","sizes":[]},"description_typography_font_size":{"unit":"px","size":16,"sizes":[]},"description_typography_font_weight":"400","description_typography_text_transform":"none","description_typography_font_style":"normal","description_typography_text_decoration":"none","description_typography_line_height":{"unit":"em","size":1.5,"sizes":[]},"description_typography_letter_spacing":{"unit":"px","size":0,"sizes":[]},"description_spacing":{"unit":"px","size":"16","sizes":[]},"title_color":"#8D99AE","description_color":"#2E2E2E","button_color":"#212121","button_typography_font_size":{"unit":"px","size":"16","sizes":[]},"button_typography_font_weight":"500","button_typography_text_transform":"capitalize","button_typography_font_style":"italic","button_typography_text_decoration":"underline","button_typography_line_height":{"unit":"em","size":"1","sizes":[]},"button_typography_letter_spacing":{"unit":"px","size":"0","sizes":[]},"button_typography_word_spacing":{"unit":"em","size":"0","sizes":[]},"button_text_color":"#212121","button_border_width":{"unit":"px","size":"0","sizes":[]},"button_border_radius":{"unit":"px","size":"0","sizes":[]},"padding":{"unit":"px","top":"0","right":"0","bottom":"0","left":"0","isLinked":""},"graphic_image":{"id":52551,"url":"https:\/\/website-planner-02.elementor.cloud\/wp-content\/uploads\/2025\/04\/placeholder-322.png"},"title_typography_font_size_mobile":{"unit":"px","size":18,"sizes":[]},"title_typography_line_height_tablet":{"unit":"px","size":"","sizes":[]},"title_typography_line_height_mobile":{"unit":"px","size":"","sizes":[]},"description_typography_font_size_tablet":{"unit":"px","size":14,"sizes":[]},"pa_condition_repeater":[],"premium_tooltip_text":"Hi, I'm a global tooltip.","premium_tooltip_position":"top,bottom","pa_cursor_ftext":"Premium Follow Text","pa_badge_text":"New","premium_mscroll_repeater":[],"__globals__":{"title_color":"","description_color":"","description_typography_typography":"globals\/typography?id=text","title_typography_typography":"globals\/typography?id=primary","content_bg_color":"globals\/colors?id=transparent","button_background_color":"globals\/colors?id=transparent","button_border_color":"globals\/colors?id=transparent","button_typography_typography":"globals\/typography?id=text"},"ai":{"generator":"websitePlanner","baseTemplateId":"undefined","blockId":"undefined","requestIds":{"sessionId":"wp-session-3bda7ea2-b2ee-4ba8-84cb-3666e16a85ba","generateId":"wp-page-home","batchId":"wp-section-services-overview"}}},"elements":[],"isInner":false,"widgetType":"call-to-action","elType":"widget"},{"id":"dcf6590","settings":{"text":"En savoir plus","_element_width":"auto","button_text_color":"#8D99AE","border_border":"solid","border_width":{"unit":"px","top":"1","right":"1","bottom":"1","left":"1","isLinked":"1"},"border_color":"#8D99AE","border_radius":{"unit":"px","top":"","right":"","bottom":"","left":"","isLinked":"1"},"text_padding":{"unit":"px","top":"12","right":"24","bottom":"12","left":"24","isLinked":""},"__globals__":{"button_text_color":"","hover_color":"","button_background_hover_color":"","button_hover_border_color":"","border_color":"","background_color":"globals\/colors?id=transparent","typography_typography":"globals\/typography?id=text"},"text_padding_mobile":{"unit":"px","top":"12","right":"24","bottom":"12","left":"24","isLinked":""},"typography_font_size":{"unit":"px","size":16,"sizes":[]},"typography_font_weight":"400","typography_text_transform":"capitalize","typography_font_style":"normal","typography_text_decoration":"none","typography_line_height":{"unit":"custom","size":"150%","sizes":[]},"typography_font_size_mobile":{"unit":"px","size":15,"sizes":[]},"_element_custom_width":{"unit":"%","size":15,"sizes":[]},"icon_indent":{"unit":"px","size":0,"sizes":[]},"typography_font_size_tablet":{"unit":"px","size":14,"sizes":[]},"typography_line_height_tablet":{"unit":"px","size":"","sizes":[]},"typography_line_height_mobile":{"unit":"px","size":"","sizes":[]},"button_background_hover_background":"","pa_condition_repeater":[],"premium_tooltip_text":"Hi, I'm a global tooltip.","premium_tooltip_position":"top,bottom","pa_cursor_ftext":"Premium Follow Text","pa_badge_text":"New","premium_mscroll_repeater":[],"content_width":"full","_flex_align_self":"center","ai":{"generator":"websitePlanner","baseTemplateId":"undefined","blockId":"undefined","requestIds":{"sessionId":"wp-session-3bda7ea2-b2ee-4ba8-84cb-3666e16a85ba","generateId":"wp-page-home","batchId":"wp-section-services-overview"}}},"elements":[],"isInner":false,"widgetType":"button","elType":"widget"}],"isInner":true,"elType":"container"},{"id":"7e400df2","settings":{"_column_size":"25","width_tablet":{"size":45,"unit":"%"},"flex_gap":{"size":24,"unit":"px","column":"24","row":"24","isLinked":true},"padding":{"unit":"%","top":"0","right":"0","bottom":"0","left":"0","isLinked":true},"padding_tablet":{"unit":"%","top":"","right":"","bottom":"","left":"","isLinked":true},"padding_mobile":{"unit":"%","top":"","right":"","bottom":"","left":"","isLinked":"1"},"content_width":"full","width":{"unit":"%","size":25,"sizes":[]},"flex_direction":"column","flex_align_items":"center","pa_condition_repeater":[],"premium_tooltip_text":"Hi, I'm a global tooltip.","premium_tooltip_position":"top,bottom","premium_parallax_layers_list":[],"premium_gradient_colors_repeater":[],"premium_kenburns_repeater":[],"premium_lottie_repeater":[],"premium_blob_repeater":[],"pa_cursor_ftext":"Premium Follow Text","pa_badge_text":"New","ai":{"generator":"websitePlanner","baseTemplateId":"undefined","blockId":"undefined","requestIds":{"sessionId":"wp-session-3bda7ea2-b2ee-4ba8-84cb-3666e16a85ba","generateId":"wp-page-home","batchId":"wp-section-services-overview"}}},"elements":[{"id":"4787d239","settings":{"view":"stacked","primary_color":"#D90429","__globals__":{"primary_color":"","secondary_color":"globals\/colors?id=background"},"size":{"unit":"px","size":32,"sizes":[]},"pa_condition_repeater":[],"premium_tooltip_text":"Hi, I'm a global tooltip.","premium_tooltip_position":"top,bottom","pa_cursor_ftext":"Premium Follow Text","pa_badge_text":"New","premium_mscroll_repeater":[],"ai":{"generator":"websitePlanner","baseTemplateId":"undefined","blockId":"undefined","requestIds":{"sessionId":"wp-session-3bda7ea2-b2ee-4ba8-84cb-3666e16a85ba","generateId":"wp-page-home","batchId":"wp-section-services-overview"}}},"elements":[],"isInner":false,"widgetType":"icon","elType":"widget"},{"id":"21c401fa","settings":{"bg_image":{"url":"","id":"","alt":"","source":"library"},"selected_icon":{"value":"","library":""},"title":"Traitement des infections urinaires","description":"Nous offrons des traitements efficaces pour les infections urinaires, en utilisant des m\u00e9thodes \u00e9prouv\u00e9es. Notre \u00e9quipe est l\u00e0 pour vous guider tout au long de votre processus de gu\u00e9rison.","title_tag":"h3","button":"","vertical_position":"middle","icon_primary_color":"#212121","icon_size":{"unit":"px","size":"87","sizes":[]},"title_typography_font_size":{"unit":"px","size":24,"sizes":[]},"title_typography_font_size_tablet":{"unit":"px","size":22,"sizes":[]},"title_typography_font_weight":"600","title_typography_text_transform":"none","title_typography_font_style":"normal","title_typography_text_decoration":"none","title_typography_line_height":{"unit":"custom","size":"140%","sizes":[]},"title_typography_letter_spacing":{"unit":"px","size":0,"sizes":[]},"title_spacing":{"unit":"px","size":"16","sizes":[]},"description_typography_font_size":{"unit":"px","size":16,"sizes":[]},"description_typography_font_weight":"400","description_typography_text_transform":"none","description_typography_font_style":"normal","description_typography_text_decoration":"none","description_typography_line_height":{"unit":"em","size":1.5,"sizes":[]},"description_typography_letter_spacing":{"unit":"px","size":0,"sizes":[]},"description_spacing":{"unit":"px","size":"16","sizes":[]},"title_color":"#8D99AE","description_color":"#2E2E2E","button_color":"#212121","button_typography_font_size":{"unit":"px","size":"16","sizes":[]},"button_typography_font_weight":"500","button_typography_text_transform":"capitalize","button_typography_font_style":"italic","button_typography_text_decoration":"underline","button_typography_line_height":{"unit":"em","size":"1","sizes":[]},"button_typography_letter_spacing":{"unit":"px","size":"0","sizes":[]},"button_typography_word_spacing":{"unit":"em","size":"0","sizes":[]},"button_text_color":"#212121","button_border_width":{"unit":"px","size":"0","sizes":[]},"button_border_radius":{"unit":"px","size":"0","sizes":[]},"padding":{"unit":"px","top":"0","right":"0","bottom":"0","left":"0","isLinked":""},"graphic_image":{"id":52551,"url":"https:\/\/website-planner-02.elementor.cloud\/wp-content\/uploads\/2025\/04\/placeholder-322.png"},"title_typography_font_size_mobile":{"unit":"px","size":18,"sizes":[]},"title_typography_line_height_tablet":{"unit":"px","size":"","sizes":[]},"title_typography_line_height_mobile":{"unit":"px","size":"","sizes":[]},"description_typography_font_size_tablet":{"unit":"px","size":14,"sizes":[]},"pa_condition_repeater":[],"premium_tooltip_text":"Hi, I'm a global tooltip.","premium_tooltip_position":"top,bottom","pa_cursor_ftext":"Premium Follow Text","pa_badge_text":"New","premium_mscroll_repeater":[],"__globals__":{"title_color":"","description_color":"","description_typography_typography":"globals\/typography?id=text","title_typography_typography":"globals\/typography?id=primary","content_bg_color":"globals\/colors?id=transparent","button_background_color":"globals\/colors?id=transparent","button_border_color":"globals\/colors?id=transparent","button_typography_typography":"globals\/typography?id=text"},"ai":{"generator":"websitePlanner","baseTemplateId":"undefined","blockId":"undefined","requestIds":{"sessionId":"wp-session-3bda7ea2-b2ee-4ba8-84cb-3666e16a85ba","generateId":"wp-page-home","batchId":"wp-section-services-overview"}}},"elements":[],"isInner":false,"widgetType":"call-to-action","elType":"widget"},{"id":"7f92be12","settings":{"text":"D\u00e9couvrez","_element_width":"auto","button_text_color":"#8D99AE","border_border":"solid","border_width":{"unit":"px","top":"1","right":"1","bottom":"1","left":"1","isLinked":"1"},"border_color":"#8D99AE","border_radius":{"unit":"px","top":"","right":"","bottom":"","left":"","isLinked":"1"},"text_padding":{"unit":"px","top":"12","right":"24","bottom":"12","left":"24","isLinked":""},"__globals__":{"button_text_color":"","hover_color":"","button_background_hover_color":"","button_hover_border_color":"","border_color":"","background_color":"globals\/colors?id=transparent","typography_typography":"globals\/typography?id=text"},"text_padding_mobile":{"unit":"px","top":"12","right":"24","bottom":"12","left":"24","isLinked":""},"typography_font_size":{"unit":"px","size":16,"sizes":[]},"typography_font_weight":"400","typography_text_transform":"capitalize","typography_font_style":"normal","typography_text_decoration":"none","typography_line_height":{"unit":"custom","size":"150%","sizes":[]},"typography_font_size_mobile":{"unit":"px","size":15,"sizes":[]},"_element_custom_width":{"unit":"%","size":15,"sizes":[]},"icon_indent":{"unit":"px","size":0,"sizes":[]},"typography_font_size_tablet":{"unit":"px","size":14,"sizes":[]},"typography_line_height_tablet":{"unit":"px","size":"","sizes":[]},"typography_line_height_mobile":{"unit":"px","size":"","sizes":[]},"button_background_hover_background":"","pa_condition_repeater":[],"premium_tooltip_text":"Hi, I'm a global tooltip.","premium_tooltip_position":"top,bottom","pa_cursor_ftext":"Premium Follow Text","pa_badge_text":"New","premium_mscroll_repeater":[],"content_width":"full","_flex_align_self":"center","ai":{"generator":"websitePlanner","baseTemplateId":"undefined","blockId":"undefined","requestIds":{"sessionId":"wp-session-3bda7ea2-b2ee-4ba8-84cb-3666e16a85ba","generateId":"wp-page-home","batchId":"wp-section-services-overview"}}},"elements":[],"isInner":false,"widgetType":"button","elType":"widget"}],"isInner":true,"elType":"container"},{"id":"572ec10f","settings":{"_column_size":"25","width_tablet":{"size":45,"unit":"%"},"flex_gap":{"size":24,"unit":"px","column":"24","row":"24","isLinked":true},"padding":{"unit":"%","top":"0","right":"0","bottom":"0","left":"0","isLinked":true},"padding_tablet":{"unit":"%","top":"","right":"","bottom":"","left":"","isLinked":true},"padding_mobile":{"unit":"%","top":"","right":"","bottom":"","left":"","isLinked":"1"},"content_width":"full","width":{"unit":"%","size":25,"sizes":[]},"flex_direction":"column","flex_align_items":"center","pa_condition_repeater":[],"premium_tooltip_text":"Hi, I'm a global tooltip.","premium_tooltip_position":"top,bottom","premium_parallax_layers_list":[],"premium_gradient_colors_repeater":[],"premium_kenburns_repeater":[],"premium_lottie_repeater":[],"premium_blob_repeater":[],"pa_cursor_ftext":"Premium Follow Text","pa_badge_text":"New","ai":{"generator":"websitePlanner","baseTemplateId":"undefined","blockId":"undefined","requestIds":{"sessionId":"wp-session-3bda7ea2-b2ee-4ba8-84cb-3666e16a85ba","generateId":"wp-page-home","batchId":"wp-section-services-overview"}}},"elements":[{"id":"1c6585bf","settings":{"view":"stacked","primary_color":"#D90429","__globals__":{"primary_color":"","secondary_color":"globals\/colors?id=background"},"size":{"unit":"px","size":32,"sizes":[]},"pa_condition_repeater":[],"premium_tooltip_text":"Hi, I'm a global tooltip.","premium_tooltip_position":"top,bottom","pa_cursor_ftext":"Premium Follow Text","pa_badge_text":"New","premium_mscroll_repeater":[],"ai":{"generator":"websitePlanner","baseTemplateId":"undefined","blockId":"undefined","requestIds":{"sessionId":"wp-session-3bda7ea2-b2ee-4ba8-84cb-3666e16a85ba","generateId":"wp-page-home","batchId":"wp-section-services-overview"}}},"elements":[],"isInner":false,"widgetType":"icon","elType":"widget"},{"id":"2a648d65","settings":{"bg_image":{"url":"","id":"","alt":"","source":"library"},"selected_icon":{"value":"","library":""},"title":"Chirurgie urologique","description":"Nos proc\u00e9dures chirurgicales visent \u00e0 traiter divers probl\u00e8mes urologiques avec pr\u00e9cision et soin. Nous assurons un suivi r\u00e9gulier pour garantir votre confort et votre r\u00e9tablissement.","title_tag":"h3","button":"","vertical_position":"middle","icon_primary_color":"#212121","icon_size":{"unit":"px","size":"87","sizes":[]},"title_typography_font_size":{"unit":"px","size":24,"sizes":[]},"title_typography_font_size_tablet":{"unit":"px","size":22,"sizes":[]},"title_typography_font_weight":"600","title_typography_text_transform":"none","title_typography_font_style":"normal","title_typography_text_decoration":"none","title_typography_line_height":{"unit":"custom","size":"140%","sizes":[]},"title_typography_letter_spacing":{"unit":"px","size":0,"sizes":[]},"title_spacing":{"unit":"px","size":"16","sizes":[]},"description_typography_font_size":{"unit":"px","size":16,"sizes":[]},"description_typography_font_weight":"400","description_typography_text_transform":"none","description_typography_font_style":"normal","description_typography_text_decoration":"none","description_typography_line_height":{"unit":"em","size":1.5,"sizes":[]},"description_typography_letter_spacing":{"unit":"px","size":0,"sizes":[]},"description_spacing":{"unit":"px","size":"16","sizes":[]},"title_color":"#8D99AE","description_color":"#2E2E2E","button_color":"#212121","button_typography_font_size":{"unit":"px","size":"16","sizes":[]},"button_typography_font_weight":"500","button_typography_text_transform":"capitalize","button_typography_font_style":"italic","button_typography_text_decoration":"underline","button_typography_line_height":{"unit":"em","size":"1","sizes":[]},"button_typography_letter_spacing":{"unit":"px","size":"0","sizes":[]},"button_typography_word_spacing":{"unit":"em","size":"0","sizes":[]},"button_text_color":"#212121","button_border_width":{"unit":"px","size":"0","sizes":[]},"button_border_radius":{"unit":"px","size":"0","sizes":[]},"padding":{"unit":"px","top":"0","right":"0","bottom":"0","left":"0","isLinked":""},"graphic_image":{"id":52551,"url":"https:\/\/website-planner-02.elementor.cloud\/wp-content\/uploads\/2025\/04\/placeholder-322.png"},"title_typography_font_size_mobile":{"unit":"px","size":18,"sizes":[]},"title_typography_line_height_tablet":{"unit":"px","size":"","sizes":[]},"title_typography_line_height_mobile":{"unit":"px","size":"","sizes":[]},"description_typography_font_size_tablet":{"unit":"px","size":14,"sizes":[]},"pa_condition_repeater":[],"premium_tooltip_text":"Hi, I'm a global tooltip.","premium_tooltip_position":"top,bottom","pa_cursor_ftext":"Premium Follow Text","pa_badge_text":"New","premium_mscroll_repeater":[],"__globals__":{"title_color":"","description_color":"","description_typography_typography":"globals\/typography?id=text","title_typography_typography":"globals\/typography?id=primary","content_bg_color":"globals\/colors?id=transparent","button_background_color":"globals\/colors?id=transparent","button_border_color":"globals\/colors?id=transparent","button_typography_typography":"globals\/typography?id=text"},"ai":{"generator":"websitePlanner","baseTemplateId":"undefined","blockId":"undefined","requestIds":{"sessionId":"wp-session-3bda7ea2-b2ee-4ba8-84cb-3666e16a85ba","generateId":"wp-page-home","batchId":"wp-section-services-overview"}}},"elements":[],"isInner":false,"widgetType":"call-to-action","elType":"widget"},{"id":"1b74e9d","settings":{"text":"D\u00e9tails","_element_width":"auto","button_text_color":"#8D99AE","border_border":"solid","border_width":{"unit":"px","top":"1","right":"1","bottom":"1","left":"1","isLinked":"1"},"border_color":"#8D99AE","border_radius":{"unit":"px","top":"","right":"","bottom":"","left":"","isLinked":"1"},"text_padding":{"unit":"px","top":"12","right":"24","bottom":"12","left":"24","isLinked":""},"__globals__":{"button_text_color":"","hover_color":"","button_background_hover_color":"","button_hover_border_color":"","border_color":"","background_color":"globals\/colors?id=transparent","typography_typography":"globals\/typography?id=text"},"text_padding_mobile":{"unit":"px","top":"12","right":"24","bottom":"12","left":"24","isLinked":""},"typography_font_size":{"unit":"px","size":16,"sizes":[]},"typography_font_weight":"400","typography_text_transform":"capitalize","typography_font_style":"normal","typography_text_decoration":"none","typography_line_height":{"unit":"custom","size":"150%","sizes":[]},"typography_font_size_mobile":{"unit":"px","size":15,"sizes":[]},"_element_custom_width":{"unit":"%","size":15,"sizes":[]},"icon_indent":{"unit":"px","size":0,"sizes":[]},"typography_font_size_tablet":{"unit":"px","size":14,"sizes":[]},"typography_line_height_tablet":{"unit":"px","size":"","sizes":[]},"typography_line_height_mobile":{"unit":"px","size":"","sizes":[]},"button_background_hover_background":"","pa_condition_repeater":[],"premium_tooltip_text":"Hi, I'm a global tooltip.","premium_tooltip_position":"top,bottom","pa_cursor_ftext":"Premium Follow Text","pa_badge_text":"New","premium_mscroll_repeater":[],"content_width":"full","_flex_align_self":"center","ai":{"generator":"websitePlanner","baseTemplateId":"undefined","blockId":"undefined","requestIds":{"sessionId":"wp-session-3bda7ea2-b2ee-4ba8-84cb-3666e16a85ba","generateId":"wp-page-home","batchId":"wp-section-services-overview"}}},"elements":[],"isInner":false,"widgetType":"button","elType":"widget"}],"isInner":true,"elType":"container"},{"id":"1ad78b66","settings":{"_column_size":"25","width_tablet":{"size":45,"unit":"%"},"flex_gap":{"size":24,"unit":"px","column":"24","row":"24","isLinked":true},"padding":{"unit":"%","top":"0","right":"0","bottom":"0","left":"0","isLinked":true},"padding_tablet":{"unit":"%","top":"","right":"","bottom":"","left":"","isLinked":true},"padding_mobile":{"unit":"%","top":"","right":"","bottom":"","left":"","isLinked":"1"},"content_width":"full","width":{"unit":"%","size":25,"sizes":[]},"flex_direction":"column","flex_align_items":"center","pa_condition_repeater":[],"premium_tooltip_text":"Hi, I'm a global tooltip.","premium_tooltip_position":"top,bottom","premium_parallax_layers_list":[],"premium_gradient_colors_repeater":[],"premium_kenburns_repeater":[],"premium_lottie_repeater":[],"premium_blob_repeater":[],"pa_cursor_ftext":"Premium Follow Text","pa_badge_text":"New","ai":{"generator":"websitePlanner","baseTemplateId":"undefined","blockId":"undefined","requestIds":{"sessionId":"wp-session-3bda7ea2-b2ee-4ba8-84cb-3666e16a85ba","generateId":"wp-page-home","batchId":"wp-section-services-overview"}}},"elements":[{"id":"48411ed8","settings":{"view":"stacked","primary_color":"#D90429","__globals__":{"primary_color":"","secondary_color":"globals\/colors?id=background"},"size":{"unit":"px","size":32,"sizes":[]},"pa_condition_repeater":[],"premium_tooltip_text":"Hi, I'm a global tooltip.","premium_tooltip_position":"top,bottom","pa_cursor_ftext":"Premium Follow Text","pa_badge_text":"New","premium_mscroll_repeater":[],"ai":{"generator":"websitePlanner","baseTemplateId":"undefined","blockId":"undefined","requestIds":{"sessionId":"wp-session-3bda7ea2-b2ee-4ba8-84cb-3666e16a85ba","generateId":"wp-page-home","batchId":"wp-section-services-overview"}}},"elements":[],"isInner":false,"widgetType":"icon","elType":"widget"},{"id":"77081369","settings":{"bg_image":{"url":"","id":"","alt":"","source":"library"},"selected_icon":{"value":"","library":""},"title":"Consultations sp\u00e9cialis\u00e9es","description":"Nous offrons des consultations avec des urologues qualifi\u00e9s pour discuter de vos pr\u00e9occupations. Sentez-vous libre de poser toutes vos questions pour obtenir les r\u00e9ponses dont vous avez besoin.","title_tag":"h3","button":"","vertical_position":"middle","icon_primary_color":"#212121","icon_size":{"unit":"px","size":"87","sizes":[]},"title_typography_font_size":{"unit":"px","size":24,"sizes":[]},"title_typography_font_size_tablet":{"unit":"px","size":22,"sizes":[]},"title_typography_font_weight":"600","title_typography_text_transform":"none","title_typography_font_style":"normal","title_typography_text_decoration":"none","title_typography_line_height":{"unit":"custom","size":"140%","sizes":[]},"title_typography_letter_spacing":{"unit":"px","size":0,"sizes":[]},"title_spacing":{"unit":"px","size":"16","sizes":[]},"description_typography_font_size":{"unit":"px","size":16,"sizes":[]},"description_typography_font_weight":"400","description_typography_text_transform":"none","description_typography_font_style":"normal","description_typography_text_decoration":"none","description_typography_line_height":{"unit":"em","size":1.5,"sizes":[]},"description_typography_letter_spacing":{"unit":"px","size":0,"sizes":[]},"description_spacing":{"unit":"px","size":"16","sizes":[]},"title_color":"#8D99AE","description_color":"#2E2E2E","button_color":"#212121","button_typography_font_size":{"unit":"px","size":"16","sizes":[]},"button_typography_font_weight":"500","button_typography_text_transform":"capitalize","button_typography_font_style":"italic","button_typography_text_decoration":"underline","button_typography_line_height":{"unit":"em","size":"1","sizes":[]},"button_typography_letter_spacing":{"unit":"px","size":"0","sizes":[]},"button_typography_word_spacing":{"unit":"em","size":"0","sizes":[]},"button_text_color":"#212121","button_border_width":{"unit":"px","size":"0","sizes":[]},"button_border_radius":{"unit":"px","size":"0","sizes":[]},"padding":{"unit":"px","top":"0","right":"0","bottom":"0","left":"0","isLinked":""},"graphic_image":{"id":52551,"url":"https:\/\/website-planner-02.elementor.cloud\/wp-content\/uploads\/2025\/04\/placeholder-322.png"},"title_typography_font_size_mobile":{"unit":"px","size":18,"sizes":[]},"title_typography_line_height_tablet":{"unit":"px","size":"","sizes":[]},"title_typography_line_height_mobile":{"unit":"px","size":"","sizes":[]},"description_typography_font_size_tablet":{"unit":"px","size":14,"sizes":[]},"pa_condition_repeater":[],"premium_tooltip_text":"Hi, I'm a global tooltip.","premium_tooltip_position":"top,bottom","pa_cursor_ftext":"Premium Follow Text","pa_badge_text":"New","premium_mscroll_repeater":[],"__globals__":{"title_color":"","description_color":"","description_typography_typography":"globals\/typography?id=text","title_typography_typography":"globals\/typography?id=primary","content_bg_color":"globals\/colors?id=transparent","button_background_color":"globals\/colors?id=transparent","button_border_color":"globals\/colors?id=transparent","button_typography_typography":"globals\/typography?id=text"},"ai":{"generator":"websitePlanner","baseTemplateId":"undefined","blockId":"undefined","requestIds":{"sessionId":"wp-session-3bda7ea2-b2ee-4ba8-84cb-3666e16a85ba","generateId":"wp-page-home","batchId":"wp-section-services-overview"}}},"elements":[],"isInner":false,"widgetType":"call-to-action","elType":"widget"},{"id":"535be619","settings":{"text":"Contactez-nous","_element_width":"auto","button_text_color":"#8D99AE","border_border":"solid","border_width":{"unit":"px","top":"1","right":"1","bottom":"1","left":"1","isLinked":"1"},"border_color":"#8D99AE","border_radius":{"unit":"px","top":"","right":"","bottom":"","left":"","isLinked":"1"},"text_padding":{"unit":"px","top":"12","right":"24","bottom":"12","left":"24","isLinked":""},"__globals__":{"button_text_color":"","hover_color":"","button_background_hover_color":"","button_hover_border_color":"","border_color":"","background_color":"globals\/colors?id=transparent","typography_typography":"globals\/typography?id=text"},"text_padding_mobile":{"unit":"px","top":"12","right":"24","bottom":"12","left":"24","isLinked":""},"typography_font_size":{"unit":"px","size":16,"sizes":[]},"typography_font_weight":"400","typography_text_transform":"capitalize","typography_font_style":"normal","typography_text_decoration":"none","typography_line_height":{"unit":"custom","size":"150%","sizes":[]},"typography_font_size_mobile":{"unit":"px","size":15,"sizes":[]},"_element_custom_width":{"unit":"%","size":15,"sizes":[]},"icon_indent":{"unit":"px","size":0,"sizes":[]},"typography_font_size_tablet":{"unit":"px","size":14,"sizes":[]},"typography_line_height_tablet":{"unit":"px","size":"","sizes":[]},"typography_line_height_mobile":{"unit":"px","size":"","sizes":[]},"button_background_hover_background":"","pa_condition_repeater":[],"premium_tooltip_text":"Hi, I'm a global tooltip.","premium_tooltip_position":"top,bottom","pa_cursor_ftext":"Premium Follow Text","pa_badge_text":"New","premium_mscroll_repeater":[],"content_width":"full","_flex_align_self":"center","ai":{"generator":"websitePlanner","baseTemplateId":"undefined","blockId":"undefined","requestIds":{"sessionId":"wp-session-3bda7ea2-b2ee-4ba8-84cb-3666e16a85ba","generateId":"wp-page-home","batchId":"wp-section-services-overview"}}},"elements":[],"isInner":false,"widgetType":"button","elType":"widget"}],"isInner":true,"elType":"container"}],"isInner":true,"elType":"container"}],"isInner":false,"elType":"container"},{"id":"455c1bb3","settings":{"gap_columns_custom_mobile":{"unit":"px","size":143,"sizes":[]},"custom_height":{"unit":"px","size":200,"sizes":[]},"custom_height_tablet":{"unit":"px","size":250,"sizes":[]},"custom_height_mobile":{"unit":"px","size":180,"sizes":[]},"flex_align_items":"flex-start","structure":"20","padding":{"unit":"px","top":"100","right":"24","bottom":"100","left":"24","isLinked":false},"padding_tablet":{"unit":"px","top":"80","right":"16","bottom":"80","left":"16","isLinked":false},"padding_mobile":{"unit":"px","top":"48","right":"16","bottom":"48","left":"16","isLinked":false},"flex_direction":"row","flex_gap":{"size":80,"unit":"px","column":"80","row":"80","isLinked":true},"boxed_width":{"unit":"px","size":1280,"sizes":[]},"flex_gap_tablet":{"unit":"px","size":16,"sizes":[],"column":"16","row":"16","isLinked":true},"flex_gap_mobile":{"unit":"px","size":16,"sizes":[],"column":"16","row":"16","isLinked":true},"min_height_tablet":{"unit":"px","size":0,"sizes":[]},"flex_align_items_tablet":"flex-start","ai":{"generator":"websitePlanner","baseTemplateId":"undefined","blockId":"undefined","requestIds":{"sessionId":"wp-session-3bda7ea2-b2ee-4ba8-84cb-3666e16a85ba","generateId":"wp-page-home","batchId":"wp-section-about-us"}},"_title":"Notre Mission"},"elements":[{"id":"6ca4a3ec","settings":{"_column_size":50,"width":{"size":null,"unit":"%"},"padding_mobile":{"unit":"px","top":"0","right":"0","bottom":"0","left":"0","isLinked":false},"flex_justify_content_mobile":"center","flex_gap":{"size":16,"unit":"px","column":"16","row":"16","isLinked":true},"flex_gap_tablet":{"size":16,"unit":"px","column":"16","row":"16","isLinked":true},"padding_tablet":{"unit":"px","top":"0","right":"0","bottom":"0","left":"0","isLinked":false},"content_width":"full","padding":{"unit":"px","top":"0","right":"0","bottom":"0","left":"0","isLinked":false},"ai":{"generator":"websitePlanner","baseTemplateId":"undefined","blockId":"undefined","requestIds":{"sessionId":"wp-session-3bda7ea2-b2ee-4ba8-84cb-3666e16a85ba","generateId":"wp-page-home","batchId":"wp-section-about-us"}}},"elements":[{"id":"546e1d70","settings":{"title":"Notre histoire et notre mission","align":"left","title_color":"#8D99AE","typography_font_size":{"unit":"px","size":40},"typography_font_weight":"600","align_mobile":"left","typography_font_size_tablet":{"unit":"px","size":32},"typography_font_size_mobile":{"unit":"px","size":32},"typography_line_height_tablet":{"unit":"custom","size":" "},"typography_line_height":{"unit":"custom","size":"1.2","sizes":[]},"typography_line_height_mobile":{"unit":"custom","size":"","sizes":[]},"ai":{"generator":"websitePlanner","baseTemplateId":"undefined","blockId":"undefined","requestIds":{"sessionId":"wp-session-3bda7ea2-b2ee-4ba8-84cb-3666e16a85ba","generateId":"wp-page-home","batchId":"wp-section-about-us"}},"__globals__":{"typography_typography":"globals\/typography?id=heading-m"}},"elements":[],"isInner":false,"widgetType":"heading","elType":"widget"}],"isInner":true,"elType":"container"},{"id":"39f18576","settings":{"_column_size":50,"width":{"size":null,"unit":"%"},"padding_mobile":{"unit":"px","top":"0","right":"0","bottom":"0","left":"0","isLinked":false},"flex_justify_content_mobile":"center","flex_gap":{"size":32,"unit":"px","column":"32","row":"32","isLinked":true},"flex_gap_tablet":{"size":16,"unit":"px","column":"16","row":"16","isLinked":true},"padding_tablet":{"unit":"px","top":"0","right":"0","bottom":"0","left":"0","isLinked":false},"content_width":"full","flex_gap_mobile":{"unit":"px","size":16,"sizes":[],"column":"16","row":"16","isLinked":true},"padding":{"unit":"px","top":"0","right":"0","bottom":"0","left":"0","isLinked":false},"ai":{"generator":"websitePlanner","baseTemplateId":"undefined","blockId":"undefined","requestIds":{"sessionId":"wp-session-3bda7ea2-b2ee-4ba8-84cb-3666e16a85ba","generateId":"wp-page-home","batchId":"wp-section-about-us"}}},"elements":[{"id":"79ba8a5d","settings":{"editor":"<p>Chez AFFASS, nous croyons que chaque patient m\u00e9rite des soins personnalis\u00e9s. Notre mission est de fournir un accompagnement humain et professionnel dans le domaine de l'urologie. Nous mettons notre expertise \u00e0 votre service pour r\u00e9pondre \u00e0 vos besoins de sant\u00e9 avec diligence.<\/p>","align":"left","text_color":"#2E2E2E","typography_font_size":{"unit":"px","size":16},"typography_font_weight":"400","typography_line_height":{"unit":"custom","size":"1.5"},"_margin":{"unit":"px","top":"0","right":"0","bottom":"-10","left":"0","isLinked":false},"align_mobile":"left","typography_font_size_mobile":{"unit":"px","size":16,"sizes":[]},"typography_line_height_tablet":{"unit":"custom","size":"1.5","sizes":[]},"typography_line_height_mobile":{"unit":"custom","size":"","sizes":[]},"ai":{"generator":"websitePlanner","baseTemplateId":"undefined","blockId":"undefined","requestIds":{"sessionId":"wp-session-3bda7ea2-b2ee-4ba8-84cb-3666e16a85ba","generateId":"wp-page-home","batchId":"wp-section-about-us"}},"__globals__":{"typography_typography":"globals\/typography?id=text"}},"elements":[],"isInner":false,"widgetType":"text-editor","elType":"widget"},{"id":"40640050","settings":{"content_width":"full","flex_direction":"row","flex_gap":{"unit":"px","size":24,"sizes":[],"column":"24","row":"24","isLinked":true},"flex_gap_tablet":{"unit":"px","size":16,"sizes":[],"column":"16","row":"16","isLinked":true},"flex_gap_mobile":{"unit":"px","size":24,"sizes":[],"column":"24","row":"24","isLinked":true},"margin":{"unit":"px","top":"0","right":"0","bottom":"0","left":"0","isLinked":false},"margin_tablet":{"unit":"px","top":"0","right":"0","bottom":"0","left":"0","isLinked":false},"padding":{"unit":"px","top":"0","right":"0","bottom":"0","left":"0","isLinked":false},"padding_tablet":{"unit":"px","top":"0","right":"0","bottom":"16","left":"0","isLinked":false},"padding_mobile":{"unit":"px","top":"0","right":"0","bottom":"16","left":"0","isLinked":false},"ai":{"generator":"websitePlanner","baseTemplateId":"undefined","blockId":"undefined","requestIds":{"sessionId":"wp-session-3bda7ea2-b2ee-4ba8-84cb-3666e16a85ba","generateId":"wp-page-home","batchId":"wp-section-about-us"}}},"elements":[{"id":"4025e9d6","settings":{"title_text":"Expertise Urologique","description_text":"Nos urologues sont form\u00e9s pour diagnostiquer et traiter diverses conditions urologiques. Votre sant\u00e9 est entre de bonnes mains.","text_align":"left","title_bottom_space":{"unit":"px","size":10,"sizes":[]},"title_color":"#8D99AE","title_typography_typography":"custom","title_typography_font_family":"Poppins","title_typography_font_size":{"unit":"px","size":20,"sizes":[]},"title_typography_font_weight":"600","description_color":"#2E2E2E","description_typography_font_size":{"unit":"px","size":16,"sizes":[]},"description_typography_font_size_tablet":{"unit":"px","size":14,"sizes":[]},"description_typography_font_weight":"400","_padding":{"unit":"px","top":"0","right":"0","bottom":"0","left":"0","isLinked":false},"_padding_tablet":{"unit":"px","top":"0","right":"0","bottom":"0","left":"0","isLinked":false},"_element_custom_width":{"unit":"%","size":50,"sizes":[]},"position_tablet":"top","primary_color":"#D90429","icon_space_tablet":{"unit":"px","size":10,"sizes":[]},"icon_size":{"unit":"px","size":35,"sizes":[]},"_margin":{"unit":"px","top":"0","right":"0","bottom":"0","left":"0","isLinked":false},"__globals__":{"primary_color":"","description_typography_typography":"globals\/typography?id=text"},"ai":{"generator":"websitePlanner","baseTemplateId":"undefined","blockId":"undefined","requestIds":{"sessionId":"wp-session-3bda7ea2-b2ee-4ba8-84cb-3666e16a85ba","generateId":"wp-page-home","batchId":"wp-section-about-us"}}},"elements":[],"isInner":false,"widgetType":"icon-box","elType":"widget"},{"id":"5eab795b","settings":{"title_text":"Approche Personnalis\u00e9e","description_text":"Chaque patient est unique. Nous adaptons nos soins afin de garantir des traitements qui r\u00e9pondent \u00e0 vos sp\u00e9cificit\u00e9s et pr\u00e9occupations.","text_align":"left","title_bottom_space":{"unit":"px","size":10,"sizes":[]},"title_color":"#8D99AE","title_typography_typography":"custom","title_typography_font_family":"Poppins","title_typography_font_size":{"unit":"px","size":20,"sizes":[]},"title_typography_font_weight":"600","description_color":"#2E2E2E","description_typography_font_size":{"unit":"px","size":16,"sizes":[]},"description_typography_font_size_tablet":{"unit":"px","size":14,"sizes":[]},"description_typography_font_weight":"400","_padding":{"unit":"px","top":"0","right":"0","bottom":"0","left":"0","isLinked":false},"_padding_tablet":{"unit":"px","top":"0","right":"0","bottom":"0","left":"0","isLinked":false},"_element_custom_width":{"unit":"%","size":50,"sizes":[]},"position_tablet":"top","primary_color":"#D90429","icon_space_tablet":{"unit":"px","size":10,"sizes":[]},"icon_size":{"unit":"px","size":35,"sizes":[]},"_margin":{"unit":"px","top":"0","right":"0","bottom":"0","left":"0","isLinked":false},"__globals__":{"primary_color":"","description_typography_typography":"globals\/typography?id=text"},"ai":{"generator":"websitePlanner","baseTemplateId":"undefined","blockId":"undefined","requestIds":{"sessionId":"wp-session-3bda7ea2-b2ee-4ba8-84cb-3666e16a85ba","generateId":"wp-page-home","batchId":"wp-section-about-us"}}},"elements":[],"isInner":false,"widgetType":"icon-box","elType":"widget"}],"isInner":true,"elType":"container"}],"isInner":true,"elType":"container"}],"isInner":false,"elType":"container"},{"id":"59ff2e26","settings":{"boxed_width":{"unit":"px","size":1280,"sizes":[]},"flex_gap":{"unit":"px","size":80,"sizes":[],"row":"80","column":"80","isLinked":true},"padding":{"unit":"px","top":"112","right":"24","bottom":"112","left":"24","isLinked":false},"padding_mobile":{"unit":"px","top":"64","right":"16","bottom":"64","left":"16","isLinked":false},"flex_direction":"row","flex_direction_mobile":"column","flex_align_items":"center","flex_gap_mobile":{"unit":"px","size":16,"sizes":[],"row":"16","column":"16","isLinked":true},"flex_direction_tablet":"column","flex_gap_tablet":{"column":"48","row":"48","isLinked":true,"unit":"px","size":48},"pa_condition_repeater":[],"premium_tooltip_text":"Hi, I'm a global tooltip.","premium_tooltip_position":"top,bottom","premium_parallax_layers_list":[],"premium_gradient_colors_repeater":[],"premium_kenburns_repeater":[],"premium_lottie_repeater":[],"premium_blob_repeater":[],"pa_cursor_ftext":"Premium Follow Text","pa_badge_text":"New","ai":{"generator":"websitePlanner","baseTemplateId":"undefined","blockId":"undefined","requestIds":{"sessionId":"wp-session-3bda7ea2-b2ee-4ba8-84cb-3666e16a85ba","generateId":"wp-page-home","batchId":"wp-section-testimonials"}},"_title":"T\u00e9moignages"},"elements":[{"id":"796218d0","settings":{"_column_size":"33","flex_justify_content":"center","width_tablet":{"size":"100","unit":"%"},"padding_tablet":{"unit":"px","top":"0","right":"0","bottom":"0","left":"0","isLinked":false},"padding_mobile":{"unit":"px","top":"0","right":"0","bottom":"0","left":"0","isLinked":"1"},"_title":"Content Column","content_width":"full","width":{"unit":"%","size":33.3,"sizes":[]},"width_mobile":{"unit":"px","size":270,"sizes":[]},"pa_condition_repeater":[],"premium_tooltip_text":"Hi, I'm a global tooltip.","premium_tooltip_position":"top,bottom","premium_parallax_layers_list":[],"premium_gradient_colors_repeater":[],"premium_kenburns_repeater":[],"premium_lottie_repeater":[],"premium_blob_repeater":[],"pa_cursor_ftext":"Premium Follow Text","pa_badge_text":"New","ai":{"generator":"websitePlanner","baseTemplateId":"undefined","blockId":"undefined","requestIds":{"sessionId":"wp-session-3bda7ea2-b2ee-4ba8-84cb-3666e16a85ba","generateId":"wp-page-home","batchId":"wp-section-testimonials"}}},"elements":[{"id":"3175328b","settings":{"title":"Ce que nous offrons","header_size":"h5","title_color":"#2E2E2E","typography_font_size":{"unit":"px","size":18,"sizes":[]},"typography_font_weight":"500","typography_font_size_tablet":{"unit":"px","size":18,"sizes":[]},"typography_font_size_mobile":{"unit":"px","size":16,"sizes":[]},"typography_text_transform":"none","typography_font_style":"normal","typography_text_decoration":"none","typography_line_height":{"unit":"custom","size":"140%","sizes":[]},"typography_line_height_tablet":{"unit":"px","size":"","sizes":[]},"typography_line_height_mobile":{"unit":"px","size":"","sizes":[]},"typography_letter_spacing":{"unit":"px","size":0,"sizes":[]},"typography_word_spacing":{"unit":"em","size":"","sizes":[]},"pa_condition_repeater":[],"premium_tooltip_text":"Hi, I'm a global tooltip.","premium_tooltip_position":"top,bottom","pa_cursor_ftext":"Premium Follow Text","pa_badge_text":"New","premium_mscroll_repeater":[],"__globals__":{"typography_typography":"globals\/typography?id=heading-s"},"ai":{"generator":"websitePlanner","baseTemplateId":"undefined","blockId":"undefined","requestIds":{"sessionId":"wp-session-3bda7ea2-b2ee-4ba8-84cb-3666e16a85ba","generateId":"wp-page-home","batchId":"wp-section-testimonials"}}},"elements":[],"isInner":false,"widgetType":"heading","elType":"widget"},{"id":"69a153fd","settings":{"title":"T\u00e9moignages de nos patients satisfaits","motion_fx_translateY_effect":"yes","motion_fx_translateY_speed":{"unit":"px","size":"0.5","sizes":[]},"motion_fx_translateY_affectedRange":{"unit":"%","size":"","sizes":{"start":"0","end":"50"}},"motion_fx_opacity_effect":"yes","motion_fx_opacity_range":{"unit":"%","size":"","sizes":{"start":"0","end":"50"}},"_padding_tablet":{"unit":"px","top":"0","right":"0","bottom":"0","left":"0","isLinked":"1"},"__globals__":{"title_color":"","typography_typography":"globals\/typography?id=heading-l"},"title_color":"#8D99AE","typography_font_size":{"unit":"px","size":48,"sizes":[]},"typography_font_size_tablet":{"unit":"px","size":40,"sizes":[]},"typography_font_size_mobile":{"unit":"px","size":32,"sizes":[]},"typography_font_weight":"600","typography_line_height":{"unit":"custom","size":"120%","sizes":[]},"typography_font_style":"normal","typography_text_decoration":"none","typography_line_height_tablet":{"unit":"custom","size":"","sizes":[]},"typography_line_height_mobile":{"unit":"custom","size":"120%","sizes":[]},"pa_condition_repeater":[],"premium_tooltip_text":"Hi, I'm a global tooltip.","premium_tooltip_position":"top,bottom","pa_cursor_ftext":"Premium Follow Text","pa_badge_text":"New","premium_mscroll_repeater":[],"ai":{"generator":"websitePlanner","baseTemplateId":"undefined","blockId":"undefined","requestIds":{"sessionId":"wp-session-3bda7ea2-b2ee-4ba8-84cb-3666e16a85ba","generateId":"wp-page-home","batchId":"wp-section-testimonials"}}},"elements":[],"isInner":false,"widgetType":"heading","elType":"widget"}],"isInner":true,"elType":"container"},{"id":"3b5f33bb","settings":{"_column_size":"66","width_tablet":{"size":"100","unit":"%"},"_title":"Testimonial Column","content_width":"full","width":{"unit":"%","size":66.6,"sizes":[]},"padding":{"unit":"px","top":"30","right":"30","bottom":"30","left":"30","isLinked":true},"padding_tablet":{"unit":"px","top":"0","right":"0","bottom":"0","left":"0","isLinked":false},"padding_mobile":{"unit":"px","top":"10","right":"10","bottom":"10","left":"10","isLinked":true},"pa_condition_repeater":[],"premium_tooltip_text":"Hi, I'm a global tooltip.","premium_tooltip_position":"top,bottom","premium_parallax_layers_list":[],"premium_gradient_colors_repeater":[],"premium_kenburns_repeater":[],"premium_lottie_repeater":[],"premium_blob_repeater":[],"pa_cursor_ftext":"Premium Follow Text","pa_badge_text":"New","ai":{"generator":"websitePlanner","baseTemplateId":"undefined","blockId":"undefined","requestIds":{"sessionId":"wp-session-3bda7ea2-b2ee-4ba8-84cb-3666e16a85ba","generateId":"wp-page-home","batchId":"wp-section-testimonials"}}},"elements":[{"id":"5131b033","settings":{"slides":[{"content":"J\u2019ai \u00e9t\u00e9 trait\u00e9 avec professionnalisme et empathie. Le personnel a vraiment \u00e9cout\u00e9 mes pr\u00e9occupations.","name":"Jean Dupont","title":"Directeur, Entreprise ABC","image":{"id":"51186","url":false},"_id":"e4541bc"},{"content":"L\u2019\u00e9quipe a \u00e9t\u00e9 attentive \u00e0 mes besoins. Je me suis senti soutenu tout au long de mon traitement.","name":"Marie Curie","title":"Chercheuse, Institut XYZ","image":{"id":"51186","url":false},"_id":"ad23370"},{"content":"Les soins urologiques ici sont excellents. J'ai retrouv\u00e9 ma qualit\u00e9 de vie rapidement.","name":"Paul Martin","title":"Consultant, Soci\u00e9t\u00e9 DEF","image":{"id":"51186","url":false},"_id":"af5b3cc"}],"layout":"image_left","alignment":"","slides_to_scroll":"1","width":{"unit":"%","size":"100","sizes":[]},"show_arrows":"","pagination":"","autoplay_speed":"3500","space_between":{"unit":"px","size":"","sizes":[]},"content_gap":{"unit":"px","size":"50","sizes":[]},"content_color":"#2E2E2E","image_size":{"unit":"px","size":"195","sizes":[]},"slides_per_view_tablet":"1","slides_per_view_mobile":"1","width_mobile":{"unit":"%","size":"100","sizes":[]},"image_size_mobile":{"unit":"px","size":"70","sizes":[]},"content_gap_mobile":{"unit":"px","size":"10","sizes":[]},"__globals__":{"content_color":"","name_color":"","content_typography_typography":"globals\/typography?id=heading-s","name_typography_typography":"globals\/typography?id=heading-s","title_color":"","title_typography_typography":"globals\/typography?id=text"},"name_color":"#D90429","title_color":"#8D99AE","slide_padding":{"unit":"px","top":"0","right":"0","bottom":"0","left":"0","isLinked":true},"content_typography_font_size":{"unit":"px","size":18,"sizes":[]},"content_typography_font_size_tablet":{"unit":"px","size":18,"sizes":[]},"content_typography_font_size_mobile":{"unit":"px","size":16,"sizes":[]},"content_typography_font_weight":"500","content_typography_text_transform":"none","content_typography_line_height":{"unit":"custom","size":"140%","sizes":[]},"content_typography_word_spacing":{"unit":"em","size":"","sizes":[]},"name_typography_font_size":{"unit":"px","size":18,"sizes":[]},"name_typography_font_size_tablet":{"unit":"px","size":18,"sizes":[]},"name_typography_font_size_mobile":{"unit":"px","size":16,"sizes":[]},"name_typography_font_weight":"500","name_typography_text_transform":"none","name_typography_font_style":"normal","name_typography_line_height":{"unit":"custom","size":"140%","sizes":[]},"name_typography_word_spacing":{"unit":"em","size":"","sizes":[]},"title_typography_font_size":{"unit":"px","size":16,"sizes":[]},"title_typography_font_size_tablet":{"unit":"px","size":14,"sizes":[]},"title_typography_font_weight":"400","title_typography_text_transform":"none","title_typography_font_style":"normal","title_typography_line_height":{"unit":"em","size":1.5,"sizes":[]},"title_typography_letter_spacing":{"unit":"px","size":0,"sizes":[]},"content_typography_font_style":"normal","content_typography_text_decoration":"none","content_typography_line_height_tablet":{"unit":"px","size":"","sizes":[]},"content_typography_line_height_mobile":{"unit":"px","size":"","sizes":[]},"content_typography_letter_spacing":{"unit":"px","size":0,"sizes":[]},"name_typography_text_decoration":"none","name_typography_line_height_tablet":{"unit":"px","size":"","sizes":[]},"name_typography_line_height_mobile":{"unit":"px","size":"","sizes":[]},"name_typography_letter_spacing":{"unit":"px","size":0,"sizes":[]},"title_typography_text_decoration":"none","pa_condition_repeater":[],"premium_tooltip_text":"Hi, I'm a global tooltip.","premium_tooltip_position":"top,bottom","pa_cursor_ftext":"Premium Follow Text","pa_badge_text":"New","premium_mscroll_repeater":[],"slides_name":"T\u00e9moignages","ai":{"generator":"websitePlanner","baseTemplateId":"undefined","blockId":"undefined","requestIds":{"sessionId":"wp-session-3bda7ea2-b2ee-4ba8-84cb-3666e16a85ba","generateId":"wp-page-home","batchId":"wp-section-testimonials"}}},"elements":[],"isInner":false,"widgetType":"testimonial-carousel","elType":"widget"}],"isInner":true,"elType":"container"}],"isInner":false,"elType":"container"},{"id":"1e4c15a4","settings":{"min_height":{"unit":"px","size":""},"content_position":"middle","background_background":"classic","background_position":"center center","background_size":"cover","flex_gap":{"size":0,"unit":"px","column":"0","row":"0","isLinked":true},"background_overlay_color":"#8D99AE","padding":{"unit":"px","top":"100","right":"24","bottom":"100","left":"24","isLinked":false},"structure":"20","min_height_tablet":{"unit":"px","size":""},"min_height_mobile":{"unit":"px","size":0},"padding_tablet":{"unit":"px","top":"80","right":"16","bottom":"80","left":"16","isLinked":false},"padding_mobile":{"unit":"px","top":"48","right":"16","bottom":"48","left":"16","isLinked":false},"reverse_order_mobile":"reverse-mobile","background_image":{"id":"","url":"","alt":"","source":"library","size":""},"boxed_width":{"unit":"px","size":1280,"sizes":[]},"background_overlay_opacity":{"unit":"px","size":0.6,"sizes":[]},"flex_direction":"row","flex_align_items":"center","margin_mobile":{"unit":"px","top":"0","right":"0","bottom":"0","left":"0","isLinked":false},"background_repeat":"no-repeat","flex_justify_content":"flex-start","margin":{"unit":"px","top":"0","right":"0","bottom":"0","left":"0","isLinked":false},"margin_tablet":{"unit":"px","top":"0","right":"0","bottom":"0","left":"0","isLinked":false},"ai":{"generator":"websitePlanner","baseTemplateId":"undefined","blockId":"undefined","requestIds":{"sessionId":"wp-session-3bda7ea2-b2ee-4ba8-84cb-3666e16a85ba","generateId":"wp-page-home","batchId":"wp-section-cta-contact"}},"_title":"Contact et Informations","__globals__":{"background_color":"globals\/colors?id=background"}},"elements":[{"id":"57fdaf29","settings":{"_column_size":50,"width":{"size":60,"unit":"%"},"padding":{"unit":"px","top":"0","right":"0","bottom":"0","left":"0","isLinked":false},"padding_mobile":{"unit":"px","top":"0","right":"0","bottom":"0","left":"0","isLinked":false},"width_tablet":{"size":60,"unit":"%"},"flex_justify_content_mobile":"center","align_mobile":"center","flex_gap":{"size":24,"unit":"px","column":"24","row":"24","isLinked":true},"flex_gap_tablet":{"size":16,"unit":"px","column":"16","row":"16","isLinked":true},"flex_gap_mobile":{"size":16,"unit":"px","column":"16","row":"16","isLinked":true},"padding_tablet":{"unit":"px","top":"0","right":"0","bottom":"0","left":"0","isLinked":false},"content_width":"full","margin":{"unit":"px","top":"0","right":"0","bottom":"0","left":"0","isLinked":false},"margin_tablet":{"unit":"px","top":"0","right":"0","bottom":"0","left":"0","isLinked":false},"margin_mobile":{"unit":"px","top":"0","right":"0","bottom":"0","left":"0","isLinked":false},"ai":{"generator":"websitePlanner","baseTemplateId":"undefined","blockId":"undefined","requestIds":{"sessionId":"wp-session-3bda7ea2-b2ee-4ba8-84cb-3666e16a85ba","generateId":"wp-page-home","batchId":"wp-section-cta-contact"}}},"elements":[{"id":"2e42884d","settings":{"title":"Contactez-nous facilement","align":"left","title_color":"#8D99AE","typography_font_size":{"unit":"px","size":48},"typography_font_weight":"600","align_mobile":"left","typography_font_size_tablet":{"unit":"px","size":40},"typography_font_size_mobile":{"unit":"px","size":32},"typography_line_height_tablet":{"unit":"custom","size":" "},"typography_line_height":{"unit":"custom","size":"1.2","sizes":[]},"typography_line_height_mobile":{"unit":"custom","size":"","sizes":[]},"ai":{"generator":"websitePlanner","baseTemplateId":"undefined","blockId":"undefined","requestIds":{"sessionId":"wp-session-3bda7ea2-b2ee-4ba8-84cb-3666e16a85ba","generateId":"wp-page-home","batchId":"wp-section-cta-contact"}},"__globals__":{"typography_typography":"globals\/typography?id=heading-l"}},"elements":[],"isInner":false,"widgetType":"heading","elType":"widget"},{"id":"2ccb6421","settings":{"editor":"<p>Nous sommes l\u00e0 pour r\u00e9pondre \u00e0 vos questions. Que vous souhaitiez un avis m\u00e9dical ou des informations sur nos services, n'h\u00e9sitez pas \u00e0 nous \u00e9crire. Votre sant\u00e9 est notre priorit\u00e9.<\/p>","align":"left","text_color":"#2E2E2E","typography_font_size":{"unit":"px","size":16,"sizes":[]},"typography_font_weight":"400","typography_line_height":{"unit":"em","size":1.5,"sizes":[]},"_margin":{"unit":"px","top":"0","right":"0","bottom":"-10","left":"0","isLinked":false},"align_mobile":"left","typography_font_size_tablet":{"unit":"px","size":14,"sizes":[]},"typography_text_transform":"none","typography_font_style":"normal","typography_text_decoration":"none","typography_letter_spacing":{"unit":"px","size":0,"sizes":[]},"__globals__":{"typography_typography":"globals\/typography?id=text"},"ai":{"generator":"websitePlanner","baseTemplateId":"undefined","blockId":"undefined","requestIds":{"sessionId":"wp-session-3bda7ea2-b2ee-4ba8-84cb-3666e16a85ba","generateId":"wp-page-home","batchId":"wp-section-cta-contact"}}},"elements":[],"isInner":false,"widgetType":"text-editor","elType":"widget"},{"id":"484c5f43","settings":{"form_name":"Formulaire de contact","form_fields":[{"custom_id":"nom","field_type":"email","placeholder":"Entrez votre email","width":"70","dynamic":{"active":true},"_id":"4597fe0","previous_button":"","next_button":"","file_sizes":"","file_types":"","allow_multiple_upload":"","max_files":"","acceptance_text":"","checked_by_default":"","field_min":"","field_max":"","min_date":"","max_date":"","use_native_date":"","use_native_time":"","width_tablet":"60"}],"button_width":"30","step_next_label":"Suivant","step_previous_label":"Pr\u00e9c\u00e9dent","button_text":"Envoyer","email_content":"[tous-champs]","email_content_2":"[tous-champs]","success_message":"Votre message a \u00e9t\u00e9 envoy\u00e9 avec succ\u00e8s.","error_message":"Une erreur est survenue.","required_field_message":"Ce champ est obligatoire.","invalid_message":"Il y a un probl\u00e8me. Le formulaire est invalide.","label_typography_typography":"custom","label_typography_font_family":"Poppins","label_typography_font_weight":"400","html_typography_typography":"custom","html_typography_font_family":"Poppins","html_typography_font_weight":"400","field_text_color":"#2B2D42","field_typography_typography":"custom","field_typography_font_family":"Poppins","field_typography_font_weight":"400","field_typography_line_height":{"unit":"px","size":30,"sizes":[]},"field_border_color":"#2B2D42","button_typography_font_size":{"unit":"px","size":16,"sizes":[]},"button_typography_font_weight":"500","button_typography_line_height":{"unit":"custom","size":"150%","sizes":[]},"button_typography_line_height_tablet":{"unit":"custom","size":"","sizes":[]},"button_typography_line_height_mobile":{"unit":"custom","size":"","sizes":[]},"button_border_border":"solid","button_border_width":{"unit":"px","top":"1","right":"1","bottom":"1","left":"1","isLinked":true},"button_background_color":"#D90429","previous_button_text_color":"#8D99AE","previous_button_border_color":"#2B2D42","button_text_padding":{"unit":"px","top":"12","right":"24","bottom":"12","left":"24","isLinked":false},"button_width_tablet":"40","button_width_mobile":"100","button_align_mobile":"stretch","field_typography_font_size_tablet":{"unit":"px","size":14,"sizes":[]},"button_typography_font_size_tablet":{"unit":"px","size":14,"sizes":[]},"button_border_color":"#D90429","button_hover_color":"","_padding_tablet":{"unit":"px","top":"0","right":"0","bottom":"0","left":"0","isLinked":false},"server_message":"Votre soumission a \u00e9chou\u00e9 en raison d'une erreur serveur.","column_gap":{"unit":"px","size":12,"sizes":[]},"row_gap":{"unit":"px","size":20,"sizes":[]},"label_spacing":{"unit":"px","size":12,"sizes":[]},"field_typography_line_height_tablet":{"unit":"em","size":2,"sizes":[]},"field_typography_line_height_mobile":{"unit":"custom","size":"","sizes":[]},"submit_actions":["save-to-database","email"],"label_color":"#8D99AE","html_color":"#8D99AE","message_typography_font_size":{"unit":"px","size":16,"sizes":[]},"message_typography_font_size_tablet":{"unit":"px","size":14,"sizes":[]},"message_typography_font_weight":"400","message_typography_text_transform":"none","message_typography_font_style":"normal","message_typography_text_decoration":"none","message_typography_line_height":{"unit":"em","size":1.5,"sizes":[]},"message_typography_letter_spacing":{"unit":"px","size":0,"sizes":[]},"message_typography_word_spacing":{"unit":"em","size":"","sizes":[]},"__globals__":{"label_color":"","html_color":"","field_text_color":"","field_border_color":"","field_background_color":"globals\/colors?id=background","button_background_color":"","button_border_color":"","previous_button_text_color":"","previous_button_border_color":"","message_typography_typography":"globals\/typography?id=text","steps_typography_typography":"","step_inactive_primary_color":"","step_active_primary_color":"","step_completed_primary_color":"","button_text_color":"globals\/colors?id=background","previous_button_background_color":"globals\/colors?id=transparent","button_typography_typography":"globals\/typography?id=text"},"pa_condition_repeater":[],"premium_tooltip_text":"Hi, I'm a global tooltip.","premium_tooltip_position":"top,bottom","pa_cursor_ftext":"Premium Follow Text","pa_badge_text":"New","premium_mscroll_repeater":[],"ai":{"generator":"websitePlanner","baseTemplateId":"undefined","blockId":"undefined","requestIds":{"sessionId":"wp-session-3bda7ea2-b2ee-4ba8-84cb-3666e16a85ba","generateId":"wp-page-home","batchId":"wp-section-cta-contact"}}},"elements":[],"isInner":false,"widgetType":"form","elType":"widget"},{"id":"3fb2ce6c","settings":{"editor":"<p>En cliquant sur 'Envoyer', vous confirmez que vous acceptez nos Conditions G\u00e9n\u00e9rales.<\/p>","text_color":"#2E2E2E","align_mobile":"left","_margin":{"unit":"px","top":"-10","right":"0","bottom":"0","left":"0","isLinked":false},"_margin_tablet":{"unit":"px","top":"-8","right":"0","bottom":"0","left":"0","isLinked":false},"__globals__":{"typography_typography":"globals\/typography?id=c88c371"},"ai":{"generator":"websitePlanner","baseTemplateId":"undefined","blockId":"undefined","requestIds":{"sessionId":"wp-session-3bda7ea2-b2ee-4ba8-84cb-3666e16a85ba","generateId":"wp-page-home","batchId":"wp-section-cta-contact"}}},"elements":[],"isInner":false,"widgetType":"text-editor","elType":"widget"}],"isInner":true,"elType":"container"}],"isInner":false,"elType":"container"},{"id":"400eef12","settings":{"gap_columns_custom_mobile":{"unit":"px","size":143,"sizes":[]},"custom_height":{"unit":"px","size":200,"sizes":[]},"custom_height_tablet":{"unit":"px","size":250,"sizes":[]},"custom_height_mobile":{"unit":"px","size":180,"sizes":[]},"flex_align_items":"flex-start","structure":"20","padding":{"unit":"px","top":"0","right":"24","bottom":"0","left":"24","isLinked":false},"padding_tablet":{"unit":"px","top":"0","right":"16","bottom":"0","left":"16","isLinked":false},"padding_mobile":{"unit":"px","top":"48","right":"16","bottom":"48","left":"16","isLinked":false},"flex_direction":"column","flex_gap":{"size":24,"unit":"px","column":"24","row":"24","isLinked":true},"boxed_width":{"unit":"px","size":1280,"sizes":[]},"flex_gap_tablet":{"unit":"px","size":24,"sizes":[],"column":"24","row":"24","isLinked":true},"flex_gap_mobile":{"unit":"px","size":16,"sizes":[],"column":"16","row":"16","isLinked":true},"background_background":"classic","background_image":{"id":52556,"url":"https:\/\/website-planner-02.elementor.cloud\/wp-content\/uploads\/2025\/04\/wireframe-img-3.png"},"background_position":"center center","background_repeat":"no-repeat","background_size":"cover","background_overlay_background":"classic","background_overlay_color":"#2B2D42","background_overlay_opacity":{"unit":"px","size":0.6,"sizes":[]},"flex_justify_content":"center","min_height":{"unit":"px","size":450,"sizes":[]},"min_height_mobile":{"unit":"px","size":0,"sizes":[]},"pa_condition_repeater":[],"premium_tooltip_text":"Hi, I'm a global tooltip.","premium_tooltip_position":"top,bottom","premium_parallax_layers_list":[],"premium_gradient_colors_repeater":[],"premium_kenburns_repeater":[],"premium_lottie_repeater":[],"premium_blob_repeater":[],"pa_cursor_ftext":"Premium Follow Text","pa_badge_text":"New","__globals__":{"background_overlay_color":""},"ai":{"generator":"websitePlanner","baseTemplateId":"undefined","blockId":"undefined","requestIds":{"sessionId":"wp-session-3bda7ea2-b2ee-4ba8-84cb-3666e16a85ba","generateId":"wp-page-home","batchId":"wp-section-mini-hero"}},"_title":"Engagement envers votre sant\u00e9"},"elements":[{"id":"160f21a0","settings":{"title":"Votre sant\u00e9, notre priorit\u00e9","header_size":"h5","typography_font_size":{"unit":"px","size":18,"sizes":[]},"typography_font_weight":"500","__globals__":{"title_color":"globals\/colors?id=background","typography_typography":"globals\/typography?id=heading-s"},"pa_condition_repeater":[],"premium_tooltip_text":"Hi, I'm a global tooltip.","premium_tooltip_position":"top,bottom","pa_cursor_ftext":"Premium Follow Text","pa_badge_text":"New","premium_mscroll_repeater":[],"typography_font_size_tablet":{"unit":"px","size":18,"sizes":[]},"typography_font_size_mobile":{"unit":"px","size":16,"sizes":[]},"typography_text_transform":"none","typography_font_style":"normal","typography_text_decoration":"none","typography_line_height":{"unit":"custom","size":"140%","sizes":[]},"typography_line_height_tablet":{"unit":"px","size":"","sizes":[]},"typography_line_height_mobile":{"unit":"px","size":"","sizes":[]},"typography_letter_spacing":{"unit":"px","size":0,"sizes":[]},"typography_word_spacing":{"unit":"em","size":"","sizes":[]},"ai":{"generator":"websitePlanner","baseTemplateId":"undefined","blockId":"undefined","requestIds":{"sessionId":"wp-session-3bda7ea2-b2ee-4ba8-84cb-3666e16a85ba","generateId":"wp-page-home","batchId":"wp-section-mini-hero"}}},"elements":[],"isInner":false,"widgetType":"heading","elType":"widget"},{"id":"2bf327b9","settings":{"title":"Engagement envers votre bien-\u00eatre","typography_font_size":{"unit":"px","size":48},"typography_font_weight":"600","typography_font_size_tablet":{"unit":"px","size":40},"typography_font_size_mobile":{"unit":"px","size":32},"typography_line_height_tablet":{"unit":"custom","size":" "},"typography_line_height":{"unit":"custom","size":"1.2","sizes":[]},"typography_line_height_mobile":{"unit":"custom","size":"","sizes":[]},"__globals__":{"title_color":"globals\/colors?id=background","typography_typography":"globals\/typography?id=heading-l"},"pa_condition_repeater":[],"premium_tooltip_text":"Hi, I'm a global tooltip.","premium_tooltip_position":"top,bottom","pa_cursor_ftext":"Premium Follow Text","pa_badge_text":"New","premium_mscroll_repeater":[],"ai":{"generator":"websitePlanner","baseTemplateId":"undefined","blockId":"undefined","requestIds":{"sessionId":"wp-session-3bda7ea2-b2ee-4ba8-84cb-3666e16a85ba","generateId":"wp-page-home","batchId":"wp-section-mini-hero"}}},"elements":[],"isInner":false,"widgetType":"heading","elType":"widget"},{"id":"3240c5a2","settings":{"editor":"<p>Chez AFFASS, nous mettons l'accent sur des soins attentionn\u00e9s et de qualit\u00e9. Notre \u00e9quipe se consacre \u00e0 chaque patient, en apportant \u00e9coute et expertise pour un traitement adapt\u00e9 \u00e0 vos besoins.<\/p>","typography_font_size":{"unit":"px","size":16},"typography_font_weight":"400","typography_line_height":{"unit":"custom","size":"1.5"},"_margin":{"unit":"px","top":"0","right":"0","bottom":"-10","left":"0","isLinked":false},"typography_font_size_mobile":{"unit":"px","size":16,"sizes":[]},"typography_line_height_tablet":{"unit":"custom","size":"1.5","sizes":[]},"typography_line_height_mobile":{"unit":"custom","size":"","sizes":[]},"_element_width":"initial","_element_custom_width":{"unit":"%","size":50,"sizes":[]},"_element_custom_width_tablet":{"unit":"%","size":60,"sizes":[]},"_element_custom_width_mobile":{"unit":"%","size":100,"sizes":[]},"__globals__":{"text_color":"globals\/colors?id=background","typography_typography":"globals\/typography?id=text"},"pa_condition_repeater":[],"premium_tooltip_text":"Hi, I'm a global tooltip.","premium_tooltip_position":"top,bottom","pa_cursor_ftext":"Premium Follow Text","pa_badge_text":"New","premium_mscroll_repeater":[],"ai":{"generator":"websitePlanner","baseTemplateId":"undefined","blockId":"undefined","requestIds":{"sessionId":"wp-session-3bda7ea2-b2ee-4ba8-84cb-3666e16a85ba","generateId":"wp-page-home","batchId":"wp-section-mini-hero"}}},"elements":[],"isInner":false,"widgetType":"text-editor","elType":"widget"},{"id":"a764340","settings":{"flex_direction":"row","flex_direction_mobile":"row","flex_justify_content_mobile":"flex-start","flex_gap":{"unit":"px","size":24,"sizes":[],"column":"24","row":"24","isLinked":true},"flex_gap_tablet":{"unit":"px","size":16,"sizes":[],"column":"16","row":"16","isLinked":true},"flex_gap_mobile":{"unit":"px","size":16,"sizes":[],"column":"16","row":"16","isLinked":true},"padding":{"unit":"px","top":"0","right":"0","bottom":"0","left":"0","isLinked":false},"boxed_width":{"unit":"px","size":1280,"sizes":[]},"content_width":"full","ai":{"generator":"websitePlanner","baseTemplateId":"undefined","blockId":"undefined","requestIds":{"sessionId":"wp-session-3bda7ea2-b2ee-4ba8-84cb-3666e16a85ba","generateId":"wp-page-home","batchId":"wp-section-mini-hero"}}},"elements":[{"id":"29edcd98","settings":{"text":"En savoir plus","_element_width":"auto","border_border":"solid","border_width":{"unit":"px","top":"1","right":"1","bottom":"1","left":"1","isLinked":"1"},"border_color":"#D90429","border_radius":{"unit":"px","top":"","right":"","bottom":"","left":"","isLinked":"1"},"text_padding":{"unit":"px","top":"12","right":"24","bottom":"12","left":"24","isLinked":""},"__globals__":{"button_text_color":"globals\/colors?id=background","hover_color":"","button_background_hover_color":"","button_hover_border_color":"","border_color":"","background_color":"","typography_typography":"globals\/typography?id=text"},"text_padding_mobile":{"unit":"px","top":"12","right":"24","bottom":"12","left":"24","isLinked":""},"_margin_mobile":{"unit":"px","top":"0","right":"0","bottom":"0","left":"0","isLinked":""},"typography_font_size":{"unit":"px","size":16,"sizes":[]},"typography_font_weight":"400","typography_text_transform":"capitalize","typography_font_style":"normal","typography_text_decoration":"none","typography_line_height":{"unit":"custom","size":"150%","sizes":[]},"background_color":"#D90429","typography_font_size_mobile":{"unit":"px","size":15,"sizes":[]},"_margin_tablet":{"unit":"px","top":"0","right":"0","bottom":"0","left":"0","isLinked":false},"_element_custom_width":{"unit":"%","size":15,"sizes":[]},"icon_indent":{"unit":"px","size":0,"sizes":[]},"typography_font_size_tablet":{"unit":"px","size":14,"sizes":[]},"typography_line_height_tablet":{"unit":"px","size":"","sizes":[]},"typography_line_height_mobile":{"unit":"px","size":"","sizes":[]},"button_background_hover_background":"","_flex_align_self":"flex-start","align_mobile":"right","ai":{"generator":"websitePlanner","baseTemplateId":"undefined","blockId":"undefined","requestIds":{"sessionId":"wp-session-3bda7ea2-b2ee-4ba8-84cb-3666e16a85ba","generateId":"wp-page-home","batchId":"wp-section-mini-hero"}}},"elements":[],"isInner":false,"widgetType":"button","elType":"widget"},{"id":"1c6a868c","settings":{"text":"Contactez-nous","_element_width":"auto","border_border":"solid","border_width":{"unit":"px","top":"1","right":"1","bottom":"1","left":"1","isLinked":"1"},"border_radius":{"unit":"px","top":"","right":"","bottom":"","left":"","isLinked":"1"},"text_padding":{"unit":"px","top":"12","right":"24","bottom":"12","left":"24","isLinked":""},"__globals__":{"button_text_color":"globals\/colors?id=background","hover_color":"","button_background_hover_color":"","button_hover_border_color":"","border_color":"globals\/colors?id=background","background_color":"globals\/colors?id=transparent","typography_typography":"globals\/typography?id=text"},"text_padding_mobile":{"unit":"px","top":"12","right":"24","bottom":"12","left":"24","isLinked":""},"typography_font_size":{"unit":"px","size":16,"sizes":[]},"typography_font_weight":"400","typography_text_transform":"capitalize","typography_font_style":"normal","typography_text_decoration":"none","typography_line_height":{"unit":"custom","size":"150%","sizes":[]},"typography_font_size_mobile":{"unit":"px","size":15,"sizes":[]},"_element_custom_width":{"unit":"%","size":15,"sizes":[]},"icon_indent":{"unit":"px","size":0,"sizes":[]},"typography_font_size_tablet":{"unit":"px","size":14,"sizes":[]},"typography_line_height_tablet":{"unit":"px","size":"","sizes":[]},"typography_line_height_mobile":{"unit":"px","size":"","sizes":[]},"button_background_hover_background":"","_flex_align_self":"flex-start","align_mobile":"right","ai":{"generator":"websitePlanner","baseTemplateId":"undefined","blockId":"undefined","requestIds":{"sessionId":"wp-session-3bda7ea2-b2ee-4ba8-84cb-3666e16a85ba","generateId":"wp-page-home","batchId":"wp-section-mini-hero"}}},"elements":[],"isInner":false,"widgetType":"button","elType":"widget"}],"isInner":true,"elType":"container"}],"isInner":false,"elType":"container"}],"settings":{"template":"default"},"metadata":[]}