{"content":[{"id":"7a68c6d5","settings":{"gap_columns_custom_mobile":{"unit":"px","size":143,"sizes":[]},"custom_height":{"unit":"px","size":200,"sizes":[]},"custom_height_tablet":{"unit":"px","size":250,"sizes":[]},"custom_height_mobile":{"unit":"px","size":180,"sizes":[]},"structure":"20","padding":{"unit":"px","top":"0","right":"24","bottom":"0","left":"24","isLinked":false},"padding_tablet":{"unit":"px","top":"0","right":"16","bottom":"0","left":"16","isLinked":false},"padding_mobile":{"unit":"px","top":"48","right":"16","bottom":"48","left":"16","isLinked":false},"flex_direction":"row","flex_gap":{"size":24,"unit":"px","column":"24","row":"24","isLinked":true},"boxed_width":{"unit":"px","size":1280,"sizes":[]},"flex_gap_tablet":{"unit":"px","size":24,"sizes":[],"column":"24","row":"24","isLinked":true},"flex_gap_mobile":{"unit":"px","size":16,"sizes":[],"column":"16","row":"16","isLinked":true},"min_height":{"unit":"px","size":400,"sizes":[]},"min_height_tablet":{"unit":"px","size":400,"sizes":[]},"min_height_mobile":{"unit":"px","size":0,"sizes":[]},"flex_justify_content":"center","background_background":"classic","background_image":{"id":52543,"url":"https:\/\/website-planner-02.elementor.cloud\/wp-content\/uploads\/2025\/04\/wireframe-img-1.png"},"background_position":"center center","background_repeat":"no-repeat","background_size":"cover","background_overlay_background":"classic","background_overlay_color":"#2B2D42","background_overlay_opacity":{"unit":"px","size":0.6,"sizes":[]},"flex_align_items":"center","__globals__":{"background_overlay_color":""},"ai":{"generator":"websitePlanner","baseTemplateId":"undefined","blockId":"undefined","requestIds":{"sessionId":"wp-session-3bda7ea2-b2ee-4ba8-84cb-3666e16a85ba","generateId":"wp-page-services","batchId":"wp-section-mini-hero-services"}},"_title":"Services Offerts"},"elements":[{"id":"4336c8cc","settings":{"_column_size":50,"width":{"size":null,"unit":"%"},"padding_mobile":{"unit":"px","top":"0","right":"0","bottom":"0","left":"0","isLinked":false},"flex_justify_content_mobile":"center","flex_gap":{"size":24,"unit":"px","column":"24","row":"24","isLinked":true},"flex_gap_tablet":{"size":16,"unit":"px","column":"16","row":"16","isLinked":true},"padding_tablet":{"unit":"px","top":"0","right":"0","bottom":"0","left":"0","isLinked":false},"content_width":"full","padding":{"unit":"px","top":"0","right":"0","bottom":"0","left":"0","isLinked":false},"flex_justify_content":"center","ai":{"generator":"websitePlanner","baseTemplateId":"undefined","blockId":"undefined","requestIds":{"sessionId":"wp-session-3bda7ea2-b2ee-4ba8-84cb-3666e16a85ba","generateId":"wp-page-services","batchId":"wp-section-mini-hero-services"}}},"elements":[{"id":"3426a869","settings":{"title":"Votre sant\u00e9, notre priorit\u00e9","typography_font_size":{"unit":"px","size":48},"typography_font_weight":"600","typography_font_size_tablet":{"unit":"px","size":40},"typography_font_size_mobile":{"unit":"px","size":32},"typography_line_height_tablet":{"unit":"custom","size":" "},"typography_line_height":{"unit":"custom","size":"1.2","sizes":[]},"typography_line_height_mobile":{"unit":"custom","size":"","sizes":[]},"ai":{"generator":"websitePlanner","baseTemplateId":"undefined","blockId":"undefined","requestIds":{"sessionId":"wp-session-3bda7ea2-b2ee-4ba8-84cb-3666e16a85ba","generateId":"wp-page-services","batchId":"wp-section-mini-hero-services"}},"__globals__":{"title_color":"globals\/colors?id=background","typography_typography":"globals\/typography?id=heading-l"}},"elements":[],"isInner":false,"widgetType":"heading","elType":"widget"}],"isInner":true,"elType":"container"},{"id":"3629d501","settings":{"_column_size":50,"width":{"size":null,"unit":"%"},"padding_mobile":{"unit":"px","top":"0","right":"0","bottom":"0","left":"0","isLinked":false},"flex_justify_content_mobile":"center","flex_gap":{"size":24,"unit":"px","column":"24","row":"24","isLinked":true},"flex_gap_tablet":{"size":16,"unit":"px","column":"16","row":"16","isLinked":true},"padding_tablet":{"unit":"px","top":"0","right":"0","bottom":"0","left":"0","isLinked":false},"content_width":"full","padding":{"unit":"px","top":"0","right":"0","bottom":"0","left":"0","isLinked":false},"flex_justify_content":"center","ai":{"generator":"websitePlanner","baseTemplateId":"undefined","blockId":"undefined","requestIds":{"sessionId":"wp-session-3bda7ea2-b2ee-4ba8-84cb-3666e16a85ba","generateId":"wp-page-services","batchId":"wp-section-mini-hero-services"}}},"elements":[{"id":"2116dcc5","settings":{"editor":"<p>Nous offrons une gamme compl\u00e8te de services en urologie pour r\u00e9pondre \u00e0 tous vos besoins. Notre \u00e9quipe exp\u00e9riment\u00e9e est \u00e0 l'\u00e9coute et pr\u00eate \u00e0 vous accompagner dans votre parcours de soins. Que vous ayez des questions sur des traitements sp\u00e9cifiques ou que vous souhaitiez simplement en savoir plus sur nos services, nous sommes l\u00e0 pour vous aider.<\/p>","typography_font_size":{"unit":"px","size":16},"typography_font_weight":"400","typography_line_height":{"unit":"custom","size":"1.5"},"_margin":{"unit":"px","top":"0","right":"0","bottom":"-10","left":"0","isLinked":false},"typography_font_size_mobile":{"unit":"px","size":16,"sizes":[]},"typography_line_height_tablet":{"unit":"custom","size":"1.5","sizes":[]},"typography_line_height_mobile":{"unit":"custom","size":"","sizes":[]},"__globals__":{"text_color":"globals\/colors?id=background","typography_typography":"globals\/typography?id=text"},"ai":{"generator":"websitePlanner","baseTemplateId":"undefined","blockId":"undefined","requestIds":{"sessionId":"wp-session-3bda7ea2-b2ee-4ba8-84cb-3666e16a85ba","generateId":"wp-page-services","batchId":"wp-section-mini-hero-services"}}},"elements":[],"isInner":false,"widgetType":"text-editor","elType":"widget"}],"isInner":true,"elType":"container"}],"isInner":false,"elType":"container"},{"id":"5d175b69","settings":{"flex_direction":"row","flex_gap":{"unit":"px","size":80,"column":"80","row":"80","isLinked":true},"boxed_width":{"unit":"px","size":1280,"sizes":[]},"min_height":{"unit":"px","size":710,"sizes":[]},"min_height_tablet":{"unit":"px","size":600,"sizes":[]},"flex_align_items":"center","background_background":"classic","padding_mobile":{"unit":"%","top":"20","right":"6","bottom":"20","left":"6","isLinked":false},"__globals__":[],"_title":"Nos Services","flex_justify_content":"space-between","flex_gap_tablet":{"unit":"px","size":48,"sizes":[],"column":"48","row":"48","isLinked":true},"flex_gap_mobile":{"unit":"px","size":null,"sizes":[],"column":"","row":"","isLinked":true},"background_color":"#EDF2F4","pa_condition_repeater":[],"premium_tooltip_text":"Hi, I'm a global tooltip.","premium_tooltip_position":"top,bottom","premium_parallax_layers_list":[],"premium_gradient_colors_repeater":[],"premium_kenburns_repeater":[],"premium_lottie_repeater":[],"premium_blob_repeater":[],"pa_cursor_ftext":"Premium Follow Text","pa_badge_text":"New","ai":{"generator":"websitePlanner","baseTemplateId":"undefined","blockId":"undefined","requestIds":{"sessionId":"wp-session-3bda7ea2-b2ee-4ba8-84cb-3666e16a85ba","generateId":"wp-page-services","batchId":"wp-section-services-list"}}},"elements":[{"id":"722554e4","settings":{"flex_direction":"column","content_width":"full","width":{"unit":"px","size":495},"margin":{"unit":"%","top":"","right":"","bottom":"","left":"","isLinked":true},"margin_tablet":{"unit":"%","top":"","right":"","bottom":"","left":"","isLinked":true},"margin_mobile":{"unit":"%","top":"0","right":"0","bottom":"16","left":"0","isLinked":false},"padding":{"unit":"%","top":"0","right":"0","bottom":"4","left":"0","isLinked":false},"padding_tablet":{"unit":"%","top":"0","right":"12","bottom":"0","left":"0","isLinked":false},"padding_mobile":{"unit":"%","top":"0","right":"0","bottom":"0","left":"0","isLinked":false},"_flex_size":"none","_element_width":"initial","_title":"Container","width_tablet":{"unit":"%","size":60,"sizes":[]},"width_mobile":{"unit":"%","size":"","sizes":[]},"pa_condition_repeater":[],"premium_tooltip_text":"Hi, I'm a global tooltip.","premium_tooltip_position":"top,bottom","premium_parallax_layers_list":[],"premium_gradient_colors_repeater":[],"premium_kenburns_repeater":[],"premium_lottie_repeater":[],"premium_blob_repeater":[],"pa_cursor_ftext":"Premium Follow Text","pa_badge_text":"New","ai":{"generator":"websitePlanner","baseTemplateId":"undefined","blockId":"undefined","requestIds":{"sessionId":"wp-session-3bda7ea2-b2ee-4ba8-84cb-3666e16a85ba","generateId":"wp-page-services","batchId":"wp-section-services-list"}}},"elements":[{"id":"728fe33f","settings":{"title":"Consultations Urologiques","_margin":{"unit":"%","top":"0","right":"0","bottom":"4","left":"0","isLinked":false},"_margin_tablet":{"unit":"%","top":"","right":"","bottom":"","left":"","isLinked":true},"_margin_mobile":{"unit":"%","top":"0","right":"0","bottom":"8","left":"0","isLinked":false},"title_color":"#8D99AE","typography_font_size":{"unit":"px","size":48,"sizes":[]},"typography_font_size_tablet":{"unit":"px","size":40,"sizes":[]},"typography_font_size_mobile":{"unit":"px","size":32,"sizes":[]},"typography_font_weight":"600","typography_font_style":"normal","typography_text_decoration":"none","typography_line_height":{"unit":"custom","size":"120%","sizes":[]},"typography_line_height_mobile":{"unit":"custom","size":"120%","sizes":[]},"__globals__":{"typography_typography":"globals\/typography?id=heading-l"},"typography_line_height_tablet":{"unit":"custom","size":"","sizes":[]},"pa_condition_repeater":[],"premium_tooltip_text":"Hi, I'm a global tooltip.","premium_tooltip_position":"top,bottom","pa_cursor_ftext":"Premium Follow Text","pa_badge_text":"New","premium_mscroll_repeater":[],"ai":{"generator":"websitePlanner","baseTemplateId":"undefined","blockId":"undefined","requestIds":{"sessionId":"wp-session-3bda7ea2-b2ee-4ba8-84cb-3666e16a85ba","generateId":"wp-page-services","batchId":"wp-section-services-list"}}},"elements":[],"isInner":false,"widgetType":"heading","elType":"widget"},{"id":"7d6e43","settings":{"editor":"<p>Nous proposons des consultations sp\u00e9cifiques pour diagnostiquer et traiter divers probl\u00e8mes urologiques. Chaque patient re\u00e7oit une attention particuli\u00e8re pour s'assurer que ses pr\u00e9occupations sont pleinement comprises.<\/p><p>Nos sp\u00e9cialistes utilisent des m\u00e9thodes modernes et \u00e9prouv\u00e9es pour offrir des soins adapt\u00e9s \u00e0 chaque situation. Nous croyons en une approche centr\u00e9e sur le patient, permettant de discuter ouvertement de toutes les options disponibles.<\/p>","text_color":"#2E2E2E","typography_font_size":{"unit":"px","size":16,"sizes":[]},"typography_font_size_tablet":{"unit":"px","size":14,"sizes":[]},"typography_font_weight":"400","typography_text_transform":"none","typography_font_style":"normal","typography_text_decoration":"none","typography_line_height":{"unit":"em","size":1.5,"sizes":[]},"typography_letter_spacing":{"unit":"px","size":0,"sizes":[]},"drop_cap_primary_color":"#8D99AE","__globals__":{"typography_typography":"globals\/typography?id=text"},"pa_condition_repeater":[],"premium_tooltip_text":"Hi, I'm a global tooltip.","premium_tooltip_position":"top,bottom","pa_cursor_ftext":"Premium Follow Text","pa_badge_text":"New","premium_mscroll_repeater":[],"ai":{"generator":"websitePlanner","baseTemplateId":"undefined","blockId":"undefined","requestIds":{"sessionId":"wp-session-3bda7ea2-b2ee-4ba8-84cb-3666e16a85ba","generateId":"wp-page-services","batchId":"wp-section-services-list"}}},"elements":[],"isInner":false,"widgetType":"text-editor","elType":"widget"}],"isInner":true,"elType":"container"},{"id":"28d001d8","settings":{"flex_direction":"column","content_width":"full","width":{"unit":"px","size":575},"width_tablet":{"unit":"%","size":40,"sizes":[]},"width_mobile":{"unit":"%","size":"","sizes":[]},"flex_gap_tablet":{"unit":"%","size":"","sizes":[],"column":"","row":"","isLinked":true},"flex_gap_mobile":{"unit":"%","size":"","sizes":[],"column":"","row":"","isLinked":true},"pa_condition_repeater":[],"premium_tooltip_text":"Hi, I'm a global tooltip.","premium_tooltip_position":"top,bottom","premium_parallax_layers_list":[],"premium_gradient_colors_repeater":[],"premium_kenburns_repeater":[],"premium_lottie_repeater":[],"premium_blob_repeater":[],"pa_cursor_ftext":"Premium Follow Text","pa_badge_text":"New","ai":{"generator":"websitePlanner","baseTemplateId":"undefined","blockId":"undefined","requestIds":{"sessionId":"wp-session-3bda7ea2-b2ee-4ba8-84cb-3666e16a85ba","generateId":"wp-page-services","batchId":"wp-section-services-list"}}},"elements":[{"id":"532b63c6","settings":{"image":{"id":"51186","url":false},"width":{"unit":"%","size":100,"sizes":[]},"height":{"unit":"px","size":490,"sizes":[]},"height_tablet":{"unit":"px","size":310,"sizes":[]},"height_mobile":{"unit":"px","size":280,"sizes":[]},"object-fit":"cover","text_color":"#2E2E2E","caption_typography_font_size":{"unit":"px","size":16,"sizes":[]},"caption_typography_font_size_tablet":{"unit":"px","size":14,"sizes":[]},"caption_typography_font_weight":"300","caption_typography_text_transform":"none","caption_typography_font_style":"normal","caption_typography_text_decoration":"none","caption_typography_line_height":{"unit":"em","size":1.5,"sizes":[]},"caption_typography_letter_spacing":{"unit":"px","size":0,"sizes":[]},"__globals__":[],"pa_condition_repeater":[],"premium_tooltip_text":"Hi, I'm a global tooltip.","premium_tooltip_position":"top,bottom","pa_cursor_ftext":"Premium Follow Text","pa_badge_text":"New","premium_mscroll_repeater":[],"ai":{"generator":"websitePlanner","baseTemplateId":"undefined","blockId":"undefined","requestIds":{"sessionId":"wp-session-3bda7ea2-b2ee-4ba8-84cb-3666e16a85ba","generateId":"wp-page-services","batchId":"wp-section-services-list"}}},"elements":[],"isInner":false,"widgetType":"image","elType":"widget"}],"isInner":true,"elType":"container"}],"isInner":false,"elType":"container"},{"id":"270d0b65","settings":{"layout":"full_width","flex_gap":{"size":80,"unit":"px","column":"80","row":"80","isLinked":true},"structure":"21","background_background":"classic","background_color":"#2B2D42","padding":{"unit":"px","top":"100","right":"24","bottom":"100","left":"24","isLinked":false},"padding_tablet":{"unit":"px","top":"80","right":"16","bottom":"80","left":"16","isLinked":false},"padding_mobile":{"unit":"px","top":"48","right":"16","bottom":"48","left":"16","isLinked":false},"__globals__":{"background_color":""},"_title":"Avantages de notre cabinet","flex_direction":"row","flex_align_items":"flex-start","boxed_width":{"unit":"px","size":1280,"sizes":[]},"flex_align_items_tablet":"flex-start","flex_gap_tablet":{"unit":"px","size":16,"sizes":[],"column":"16","row":"16","isLinked":true},"flex_gap_mobile":{"unit":"px","size":16,"sizes":[],"column":"16","row":"16","isLinked":true},"background_image":{"url":"","id":"","size":"","alt":"","source":"library"},"background_position":"center center","background_repeat":"no-repeat","background_size":"cover","background_overlay_color":"#8D99AE","background_overlay_opacity":{"unit":"px","size":0.6,"sizes":[]},"flex_direction_tablet":"column","pa_condition_repeater":[],"premium_tooltip_text":"Hi, I'm a global tooltip.","premium_tooltip_position":"top,bottom","premium_parallax_layers_list":[],"premium_gradient_colors_repeater":[],"premium_kenburns_repeater":[],"premium_lottie_repeater":[],"premium_blob_repeater":[],"pa_cursor_ftext":"Premium Follow Text","pa_badge_text":"New","ai":{"generator":"websitePlanner","baseTemplateId":"undefined","blockId":"undefined","requestIds":{"sessionId":"wp-session-3bda7ea2-b2ee-4ba8-84cb-3666e16a85ba","generateId":"wp-page-services","batchId":"wp-section-benefits"}}},"elements":[{"id":"704821f7","settings":{"_column_size":"33","width":{"size":30,"unit":"%"},"flex_gap":{"size":20,"unit":"px","column":"20","row":"20","isLinked":true},"margin_mobile":{"unit":"%","top":"","right":"","bottom":"","left":"","isLinked":"1"},"padding":{"unit":"px","top":"","right":"","bottom":"","left":"","isLinked":false},"padding_tablet":{"unit":"%","top":"","right":"","bottom":"","left":"","isLinked":"1"},"padding_mobile":{"unit":"%","top":"0","right":"0","bottom":"0","left":"0","isLinked":"1"},"width_tablet":{"size":"100","unit":"%"},"content_width":"full","flex_direction":"column","pa_condition_repeater":[],"premium_tooltip_text":"Hi, I'm a global tooltip.","premium_tooltip_position":"top,bottom","premium_parallax_layers_list":[],"premium_gradient_colors_repeater":[],"premium_kenburns_repeater":[],"premium_lottie_repeater":[],"premium_blob_repeater":[],"pa_cursor_ftext":"Premium Follow Text","pa_badge_text":"New","ai":{"generator":"websitePlanner","baseTemplateId":"undefined","blockId":"undefined","requestIds":{"sessionId":"wp-session-3bda7ea2-b2ee-4ba8-84cb-3666e16a85ba","generateId":"wp-page-services","batchId":"wp-section-benefits"}}},"elements":[{"id":"5edddb1b","settings":{"title":"Pourquoi choisir AFFASS ?","align":"left","_margin":{"unit":"px","top":"0","right":"0","bottom":"20","left":"0","isLinked":false},"animation_duration":"mod\u00e9r\u00e9","_margin_tablet":{"unit":"px","top":"0","right":"0","bottom":"0","left":"0","isLinked":false},"_margin_mobile":{"unit":"px","top":"0","right":"0","bottom":"0","left":"0","isLinked":false},"__globals__":{"typography_typography":"globals\/typography?id=heading-l","title_color":"globals\/colors?id=background"},"typography_font_size":{"unit":"px","size":48,"sizes":[]},"typography_font_size_tablet":{"unit":"px","size":40,"sizes":[]},"typography_font_size_mobile":{"unit":"px","size":32,"sizes":[]},"typography_font_weight":"600","typography_font_style":"normal","typography_text_decoration":"none","typography_line_height":{"unit":"custom","size":"120%","sizes":[]},"typography_line_height_tablet":{"unit":"custom","size":"","sizes":[]},"typography_line_height_mobile":{"unit":"custom","size":"120%","sizes":[]},"typography_word_spacing":{"unit":"em","size":"","sizes":[]},"pa_condition_repeater":[],"premium_tooltip_text":"Hi, I'm a global tooltip.","premium_tooltip_position":"top,bottom","pa_cursor_ftext":"Premium Follow Text","pa_badge_text":"New","premium_mscroll_repeater":[],"ai":{"generator":"websitePlanner","baseTemplateId":"undefined","blockId":"undefined","requestIds":{"sessionId":"wp-session-3bda7ea2-b2ee-4ba8-84cb-3666e16a85ba","generateId":"wp-page-services","batchId":"wp-section-benefits"}}},"elements":[],"isInner":false,"widgetType":"heading","elType":"widget"},{"id":"10cbb379","settings":{"editor":"<p>Choisir AFFASS, c'est opter pour l'excellence en mati\u00e8re de soins en urologie. Nous allions expertise m\u00e9dicale et attention personnalis\u00e9e afin de vous offrir le meilleur des accompagnements. Nos patients sont au c\u0153ur de notre mission, et nous nous engageons \u00e0 r\u00e9pondre \u00e0 vos attentes et \u00e0 vos besoins avec professionnalisme.<\/p><p>Nous croyons en la transparence. Vous aurez toujours acc\u00e8s \u00e0 des informations claires sur vos traitements et nos interventions. Notre d\u00e9marche vise \u00e0 instaurer un climat de confiance pour que vous puissiez vous sentir \u00e0 l'aise tout au long de votre parcours de soins.<\/p>","align":"left","typography_font_size":{"unit":"px","size":16,"sizes":[]},"typography_font_weight":"400","typography_line_height":{"unit":"em","size":1.5,"sizes":[]},"align_mobile":"left","__globals__":{"text_color":"globals\/colors?id=background","typography_typography":"globals\/typography?id=text"},"typography_font_size_tablet":{"unit":"px","size":14,"sizes":[]},"typography_text_transform":"none","typography_font_style":"normal","typography_text_decoration":"none","typography_letter_spacing":{"unit":"px","size":0,"sizes":[]},"typography_word_spacing":{"unit":"em","size":"","sizes":[]},"pa_condition_repeater":[],"premium_tooltip_text":"Hi, I'm a global tooltip.","premium_tooltip_position":"top,bottom","pa_cursor_ftext":"Premium Follow Text","pa_badge_text":"New","premium_mscroll_repeater":[],"ai":{"generator":"websitePlanner","baseTemplateId":"undefined","blockId":"undefined","requestIds":{"sessionId":"wp-session-3bda7ea2-b2ee-4ba8-84cb-3666e16a85ba","generateId":"wp-page-services","batchId":"wp-section-benefits"}}},"elements":[],"isInner":false,"widgetType":"text-editor","elType":"widget"}],"isInner":true,"elType":"container"},{"id":"5b4fddaa","settings":{"_column_size":"66","width":{"size":70,"unit":"%"},"flex_gap":{"size":30,"unit":"px","column":"30","row":"30","isLinked":true},"width_tablet":{"size":"100","unit":"%"},"margin":{"unit":"%","top":"","right":"","bottom":"","left":"","isLinked":"1"},"margin_tablet":{"unit":"%","top":"","right":"","bottom":"","left":"","isLinked":true},"margin_mobile":{"unit":"%","top":"","right":"","bottom":"","left":"","isLinked":"1"},"content_width":"full","flex_direction":"row","flex_justify_content":"space-between","flex_gap_mobile":{"unit":"px","size":0,"sizes":[],"column":"0","row":"0","isLinked":true},"flex_wrap":"wrap","padding":{"unit":"px","top":"0","right":"0","bottom":"0","left":"0","isLinked":true},"pa_condition_repeater":[],"premium_tooltip_text":"Hi, I'm a global tooltip.","premium_tooltip_position":"top,bottom","premium_parallax_layers_list":[],"premium_gradient_colors_repeater":[],"premium_kenburns_repeater":[],"premium_lottie_repeater":[],"premium_blob_repeater":[],"pa_cursor_ftext":"Premium Follow Text","pa_badge_text":"New","ai":{"generator":"websitePlanner","baseTemplateId":"undefined","blockId":"undefined","requestIds":{"sessionId":"wp-session-3bda7ea2-b2ee-4ba8-84cb-3666e16a85ba","generateId":"wp-page-services","batchId":"wp-section-benefits"}}},"elements":[{"id":"294f8258","settings":{"_column_size":"33","width_tablet":{"size":30,"unit":"%"},"flex_gap":{"size":"0","unit":"px","column":"0","row":"0","isLinked":true},"margin":{"unit":"%","top":"","right":"","bottom":"","left":"","isLinked":true},"margin_tablet":{"unit":"%","top":"","right":"","bottom":"","left":"","isLinked":"1"},"margin_mobile":{"unit":"%","top":"0","right":"0","bottom":"0","left":"0","isLinked":""},"content_width":"full","width":{"unit":"%","size":48,"sizes":[]},"flex_direction":"column","padding":{"unit":"px","top":"0","right":"0","bottom":"0","left":"0","isLinked":true},"pa_condition_repeater":[],"premium_tooltip_text":"Hi, I'm a global tooltip.","premium_tooltip_position":"top,bottom","premium_parallax_layers_list":[],"premium_gradient_colors_repeater":[],"premium_kenburns_repeater":[],"premium_lottie_repeater":[],"premium_blob_repeater":[],"pa_cursor_ftext":"Premium Follow Text","pa_badge_text":"New","ai":{"generator":"websitePlanner","baseTemplateId":"undefined","blockId":"undefined","requestIds":{"sessionId":"wp-session-3bda7ea2-b2ee-4ba8-84cb-3666e16a85ba","generateId":"wp-page-services","batchId":"wp-section-benefits"}}},"elements":[{"id":"7f082cdf","settings":{"text":"S\u00e9parateur","__globals__":{"color":"globals\/colors?id=background"},"weight":{"unit":"px","size":"2","sizes":[]},"width":{"unit":"%","size":50,"sizes":[]},"gap":{"unit":"px","size":"10","sizes":[]},"width_mobile":{"unit":"%","size":100,"sizes":[]},"pa_condition_repeater":[],"premium_tooltip_text":"Hi, I'm a global tooltip.","premium_tooltip_position":"top,bottom","pa_cursor_ftext":"Premium Follow Text","pa_badge_text":"New","premium_mscroll_repeater":[],"ai":{"generator":"websitePlanner","baseTemplateId":"undefined","blockId":"undefined","requestIds":{"sessionId":"wp-session-3bda7ea2-b2ee-4ba8-84cb-3666e16a85ba","generateId":"wp-page-services","batchId":"wp-section-benefits"}}},"elements":[],"isInner":false,"widgetType":"divider","elType":"widget"},{"id":"7b943d76","settings":{"selected_icon":{"value":"","library":""},"title_text":"Expertise","description_text":"Notre \u00e9quipe est compos\u00e9e de sp\u00e9cialistes reconnus dans le domaine de l'urologie. Chaque professionnel est engag\u00e9 \u00e0 fournir des soins de haute qualit\u00e9, bas\u00e9s sur des connaissances actualis\u00e9es et des pratiques m\u00e9dicales reconnues.","title_size":"h4","text_align":"left","__globals__":{"title_typography_typography":"globals\/typography?id=primary","description_typography_typography":"globals\/typography?id=heading-s","title_color":"globals\/colors?id=background","description_color":"globals\/colors?id=background"},"title_bottom_space":{"unit":"px","size":"32","sizes":[]},"title_typography_font_size":{"unit":"px","size":24,"sizes":[]},"title_typography_font_size_tablet":{"unit":"px","size":22,"sizes":[]},"title_typography_font_weight":"600","title_typography_text_transform":"none","title_typography_font_style":"normal","title_typography_text_decoration":"none","title_typography_line_height":{"unit":"custom","size":"140%","sizes":[]},"title_typography_letter_spacing":{"unit":"px","size":0,"sizes":[]},"description_typography_font_size":{"unit":"px","size":18,"sizes":[]},"description_typography_font_size_mobile":{"unit":"px","size":16,"sizes":[]},"description_typography_font_weight":"500","description_typography_text_transform":"none","description_typography_font_style":"normal","description_typography_text_decoration":"none","description_typography_line_height":{"unit":"custom","size":"140%","sizes":[]},"description_typography_letter_spacing":{"unit":"px","size":0,"sizes":[]},"description_typography_word_spacing":{"unit":"em","size":"","sizes":[]},"title_bottom_space_mobile":{"unit":"px","size":"22","sizes":[]},"title_typography_font_size_mobile":{"unit":"px","size":18,"sizes":[]},"description_typography_font_size_tablet":{"unit":"px","size":18,"sizes":[]},"title_typography_line_height_tablet":{"unit":"px","size":"","sizes":[]},"title_typography_line_height_mobile":{"unit":"px","size":"","sizes":[]},"description_typography_line_height_tablet":{"unit":"px","size":"","sizes":[]},"description_typography_line_height_mobile":{"unit":"px","size":"","sizes":[]},"pa_condition_repeater":[],"premium_tooltip_text":"Hi, I'm a global tooltip.","premium_tooltip_position":"top,bottom","pa_cursor_ftext":"Premium Follow Text","pa_badge_text":"New","premium_mscroll_repeater":[],"ai":{"generator":"websitePlanner","baseTemplateId":"undefined","blockId":"undefined","requestIds":{"sessionId":"wp-session-3bda7ea2-b2ee-4ba8-84cb-3666e16a85ba","generateId":"wp-page-services","batchId":"wp-section-benefits"}}},"elements":[],"isInner":false,"widgetType":"icon-box","elType":"widget"}],"isInner":true,"elType":"container"},{"id":"2d851743","settings":{"_column_size":"33","flex_gap":{"size":"0","unit":"px","column":"0","row":"0","isLinked":true},"margin":{"unit":"%","top":"","right":"","bottom":"","left":"","isLinked":true},"margin_tablet":{"unit":"%","top":"","right":"","bottom":"","left":"","isLinked":"1"},"margin_mobile":{"unit":"%","top":"0","right":"0","bottom":"0","left":"0","isLinked":""},"content_width":"full","width":{"unit":"%","size":48,"sizes":[]},"width_tablet":{"size":30,"unit":"%"},"flex_direction":"column","padding":{"unit":"px","top":"0","right":"0","bottom":"0","left":"0","isLinked":true},"pa_condition_repeater":[],"premium_tooltip_text":"Hi, I'm a global tooltip.","premium_tooltip_position":"top,bottom","premium_parallax_layers_list":[],"premium_gradient_colors_repeater":[],"premium_kenburns_repeater":[],"premium_lottie_repeater":[],"premium_blob_repeater":[],"pa_cursor_ftext":"Premium Follow Text","pa_badge_text":"New","ai":{"generator":"websitePlanner","baseTemplateId":"undefined","blockId":"undefined","requestIds":{"sessionId":"wp-session-3bda7ea2-b2ee-4ba8-84cb-3666e16a85ba","generateId":"wp-page-services","batchId":"wp-section-benefits"}}},"elements":[{"id":"523490b8","settings":{"text":"S\u00e9parateur","__globals__":{"color":"globals\/colors?id=background"},"weight":{"unit":"px","size":"2","sizes":[]},"width":{"unit":"%","size":50,"sizes":[]},"gap":{"unit":"px","size":"10","sizes":[]},"width_mobile":{"unit":"%","size":100,"sizes":[]},"pa_condition_repeater":[],"premium_tooltip_text":"Hi, I'm a global tooltip.","premium_tooltip_position":"top,bottom","pa_cursor_ftext":"Premium Follow Text","pa_badge_text":"New","premium_mscroll_repeater":[],"ai":{"generator":"websitePlanner","baseTemplateId":"undefined","blockId":"undefined","requestIds":{"sessionId":"wp-session-3bda7ea2-b2ee-4ba8-84cb-3666e16a85ba","generateId":"wp-page-services","batchId":"wp-section-benefits"}}},"elements":[],"isInner":false,"widgetType":"divider","elType":"widget"},{"id":"126de7a2","settings":{"selected_icon":{"value":"","library":""},"title_text":"Disponibilit\u00e9","description_text":"Nous sommes \u00e0 votre \u00e9coute et disponibles pour r\u00e9pondre \u00e0 vos questions. Notre objectif est de vous fournir un acc\u00e8s facile \u00e0 des soins de qualit\u00e9 et \u00e0 des r\u00e9ponses appropri\u00e9es en temps voulu.","title_size":"h4","text_align":"left","__globals__":{"title_typography_typography":"globals\/typography?id=primary","description_typography_typography":"globals\/typography?id=heading-s","title_color":"globals\/colors?id=background","description_color":"globals\/colors?id=background"},"title_bottom_space":{"unit":"px","size":"32","sizes":[]},"title_typography_font_size":{"unit":"px","size":24,"sizes":[]},"title_typography_font_size_tablet":{"unit":"px","size":22,"sizes":[]},"title_typography_font_weight":"600","title_typography_text_transform":"none","title_typography_font_style":"normal","title_typography_text_decoration":"none","title_typography_line_height":{"unit":"custom","size":"140%","sizes":[]},"title_typography_letter_spacing":{"unit":"px","size":0,"sizes":[]},"description_typography_font_size":{"unit":"px","size":18,"sizes":[]},"description_typography_font_size_mobile":{"unit":"px","size":16,"sizes":[]},"description_typography_font_weight":"500","description_typography_text_transform":"none","description_typography_font_style":"normal","description_typography_text_decoration":"none","description_typography_line_height":{"unit":"custom","size":"140%","sizes":[]},"description_typography_letter_spacing":{"unit":"px","size":0,"sizes":[]},"description_typography_word_spacing":{"unit":"em","size":"","sizes":[]},"title_bottom_space_mobile":{"unit":"px","size":"22","sizes":[]},"title_typography_font_size_mobile":{"unit":"px","size":18,"sizes":[]},"description_typography_font_size_tablet":{"unit":"px","size":18,"sizes":[]},"title_typography_line_height_tablet":{"unit":"px","size":"","sizes":[]},"title_typography_line_height_mobile":{"unit":"px","size":"","sizes":[]},"description_typography_line_height_tablet":{"unit":"px","size":"","sizes":[]},"description_typography_line_height_mobile":{"unit":"px","size":"","sizes":[]},"pa_condition_repeater":[],"premium_tooltip_text":"Hi, I'm a global tooltip.","premium_tooltip_position":"top,bottom","pa_cursor_ftext":"Premium Follow Text","pa_badge_text":"New","premium_mscroll_repeater":[],"ai":{"generator":"websitePlanner","baseTemplateId":"undefined","blockId":"undefined","requestIds":{"sessionId":"wp-session-3bda7ea2-b2ee-4ba8-84cb-3666e16a85ba","generateId":"wp-page-services","batchId":"wp-section-benefits"}}},"elements":[],"isInner":false,"widgetType":"icon-box","elType":"widget"}],"isInner":true,"elType":"container"},{"id":"c2d9ab2","settings":{"_column_size":"33","flex_gap":{"size":"0","unit":"px","column":"0","row":"0","isLinked":true},"margin":{"unit":"%","top":"","right":"","bottom":"","left":"","isLinked":true},"margin_tablet":{"unit":"%","top":"","right":"","bottom":"","left":"","isLinked":"1"},"margin_mobile":{"unit":"%","top":"0","right":"0","bottom":"0","left":"0","isLinked":""},"content_width":"full","width":{"unit":"%","size":48,"sizes":[]},"width_tablet":{"size":30,"unit":"%"},"flex_direction":"column","padding":{"unit":"px","top":"0","right":"0","bottom":"0","left":"0","isLinked":true},"pa_condition_repeater":[],"premium_tooltip_text":"Hi, I'm a global tooltip.","premium_tooltip_position":"top,bottom","premium_parallax_layers_list":[],"premium_gradient_colors_repeater":[],"premium_kenburns_repeater":[],"premium_lottie_repeater":[],"premium_blob_repeater":[],"pa_cursor_ftext":"Premium Follow Text","pa_badge_text":"New","ai":{"generator":"websitePlanner","baseTemplateId":"undefined","blockId":"undefined","requestIds":{"sessionId":"wp-session-3bda7ea2-b2ee-4ba8-84cb-3666e16a85ba","generateId":"wp-page-services","batchId":"wp-section-benefits"}}},"elements":[{"id":"1d4cf0f5","settings":{"text":"S\u00e9parateur","__globals__":{"color":"globals\/colors?id=background"},"weight":{"unit":"px","size":"2","sizes":[]},"width":{"unit":"%","size":50,"sizes":[]},"gap":{"unit":"px","size":"10","sizes":[]},"width_mobile":{"unit":"%","size":100,"sizes":[]},"pa_condition_repeater":[],"premium_tooltip_text":"Hi, I'm a global tooltip.","premium_tooltip_position":"top,bottom","pa_cursor_ftext":"Premium Follow Text","pa_badge_text":"New","premium_mscroll_repeater":[],"ai":{"generator":"websitePlanner","baseTemplateId":"undefined","blockId":"undefined","requestIds":{"sessionId":"wp-session-3bda7ea2-b2ee-4ba8-84cb-3666e16a85ba","generateId":"wp-page-services","batchId":"wp-section-benefits"}}},"elements":[],"isInner":false,"widgetType":"divider","elType":"widget"},{"id":"2e1431e0","settings":{"selected_icon":{"value":"","library":""},"title_text":"Accompagnement","description_text":"Tout au long de votre traitement, vous b\u00e9n\u00e9ficierez d'un accompagnement personnalis\u00e9. Nous nous engageons \u00e0 vous informer sur chaque \u00e9tape pour que vous puissiez prendre des d\u00e9cisions \u00e9clair\u00e9es concernant votre sant\u00e9.","title_size":"h4","text_align":"left","__globals__":{"title_typography_typography":"globals\/typography?id=primary","description_typography_typography":"globals\/typography?id=heading-s","title_color":"globals\/colors?id=background","description_color":"globals\/colors?id=background"},"title_bottom_space":{"unit":"px","size":"32","sizes":[]},"title_typography_font_size":{"unit":"px","size":24,"sizes":[]},"title_typography_font_size_tablet":{"unit":"px","size":22,"sizes":[]},"title_typography_font_weight":"600","title_typography_text_transform":"none","title_typography_font_style":"normal","title_typography_text_decoration":"none","title_typography_line_height":{"unit":"custom","size":"140%","sizes":[]},"title_typography_letter_spacing":{"unit":"px","size":0,"sizes":[]},"description_typography_font_size":{"unit":"px","size":18,"sizes":[]},"description_typography_font_size_mobile":{"unit":"px","size":16,"sizes":[]},"description_typography_font_weight":"500","description_typography_text_transform":"none","description_typography_font_style":"normal","description_typography_text_decoration":"none","description_typography_line_height":{"unit":"custom","size":"140%","sizes":[]},"description_typography_letter_spacing":{"unit":"px","size":0,"sizes":[]},"description_typography_word_spacing":{"unit":"em","size":"","sizes":[]},"title_bottom_space_mobile":{"unit":"px","size":"22","sizes":[]},"title_typography_font_size_mobile":{"unit":"px","size":18,"sizes":[]},"description_typography_font_size_tablet":{"unit":"px","size":18,"sizes":[]},"title_typography_line_height_tablet":{"unit":"px","size":"","sizes":[]},"title_typography_line_height_mobile":{"unit":"px","size":"","sizes":[]},"description_typography_line_height_tablet":{"unit":"px","size":"","sizes":[]},"description_typography_line_height_mobile":{"unit":"px","size":"","sizes":[]},"pa_condition_repeater":[],"premium_tooltip_text":"Hi, I'm a global tooltip.","premium_tooltip_position":"top,bottom","pa_cursor_ftext":"Premium Follow Text","pa_badge_text":"New","premium_mscroll_repeater":[],"ai":{"generator":"websitePlanner","baseTemplateId":"undefined","blockId":"undefined","requestIds":{"sessionId":"wp-session-3bda7ea2-b2ee-4ba8-84cb-3666e16a85ba","generateId":"wp-page-services","batchId":"wp-section-benefits"}}},"elements":[],"isInner":false,"widgetType":"icon-box","elType":"widget"}],"isInner":true,"elType":"container"},{"id":"550ce72","settings":{"_column_size":"33","flex_gap":{"size":"0","unit":"px","column":"0","row":"0","isLinked":true},"margin":{"unit":"%","top":"","right":"","bottom":"","left":"","isLinked":true},"margin_tablet":{"unit":"%","top":"","right":"","bottom":"","left":"","isLinked":"1"},"margin_mobile":{"unit":"%","top":"0","right":"0","bottom":"0","left":"0","isLinked":""},"content_width":"full","width":{"unit":"%","size":48,"sizes":[]},"width_tablet":{"size":30,"unit":"%"},"flex_direction":"column","padding":{"unit":"px","top":"0","right":"0","bottom":"0","left":"0","isLinked":true},"pa_condition_repeater":[],"premium_tooltip_text":"Hi, I'm a global tooltip.","premium_tooltip_position":"top,bottom","premium_parallax_layers_list":[],"premium_gradient_colors_repeater":[],"premium_kenburns_repeater":[],"premium_lottie_repeater":[],"premium_blob_repeater":[],"pa_cursor_ftext":"Premium Follow Text","pa_badge_text":"New","ai":{"generator":"websitePlanner","baseTemplateId":"undefined","blockId":"undefined","requestIds":{"sessionId":"wp-session-3bda7ea2-b2ee-4ba8-84cb-3666e16a85ba","generateId":"wp-page-services","batchId":"wp-section-benefits"}}},"elements":[{"id":"c70f7cf","settings":{"text":"S\u00e9parateur","__globals__":{"color":"globals\/colors?id=background"},"weight":{"unit":"px","size":"2","sizes":[]},"width":{"unit":"%","size":50,"sizes":[]},"gap":{"unit":"px","size":"10","sizes":[]},"width_mobile":{"unit":"%","size":100,"sizes":[]},"pa_condition_repeater":[],"premium_tooltip_text":"Hi, I'm a global tooltip.","premium_tooltip_position":"top,bottom","pa_cursor_ftext":"Premium Follow Text","pa_badge_text":"New","premium_mscroll_repeater":[],"ai":{"generator":"websitePlanner","baseTemplateId":"undefined","blockId":"undefined","requestIds":{"sessionId":"wp-session-3bda7ea2-b2ee-4ba8-84cb-3666e16a85ba","generateId":"wp-page-services","batchId":"wp-section-benefits"}}},"elements":[],"isInner":false,"widgetType":"divider","elType":"widget"},{"id":"2b31ca77","settings":{"selected_icon":{"value":"","library":""},"title_text":"Confiance","description_text":"Nous b\u00e2tissons une relation de confiance gr\u00e2ce \u00e0 notre approche humaine. Votre sant\u00e9 est importante pour nous, et nous sommes l\u00e0 pour vous soutenir \u00e0 chaque \u00e9tape de votre parcours de soins.","title_size":"h4","text_align":"left","__globals__":{"title_typography_typography":"globals\/typography?id=primary","description_typography_typography":"globals\/typography?id=heading-s","title_color":"globals\/colors?id=background","description_color":"globals\/colors?id=background"},"title_bottom_space":{"unit":"px","size":"32","sizes":[]},"title_typography_font_size":{"unit":"px","size":24,"sizes":[]},"title_typography_font_size_tablet":{"unit":"px","size":22,"sizes":[]},"title_typography_font_weight":"600","title_typography_text_transform":"none","title_typography_font_style":"normal","title_typography_text_decoration":"none","title_typography_line_height":{"unit":"custom","size":"140%","sizes":[]},"title_typography_letter_spacing":{"unit":"px","size":0,"sizes":[]},"description_typography_font_size":{"unit":"px","size":18,"sizes":[]},"description_typography_font_size_mobile":{"unit":"px","size":16,"sizes":[]},"description_typography_font_weight":"500","description_typography_text_transform":"none","description_typography_font_style":"normal","description_typography_text_decoration":"none","description_typography_line_height":{"unit":"custom","size":"140%","sizes":[]},"description_typography_letter_spacing":{"unit":"px","size":0,"sizes":[]},"description_typography_word_spacing":{"unit":"em","size":"","sizes":[]},"title_bottom_space_mobile":{"unit":"px","size":"22","sizes":[]},"title_typography_font_size_mobile":{"unit":"px","size":18,"sizes":[]},"description_typography_font_size_tablet":{"unit":"px","size":18,"sizes":[]},"title_typography_line_height_tablet":{"unit":"px","size":"","sizes":[]},"title_typography_line_height_mobile":{"unit":"px","size":"","sizes":[]},"description_typography_line_height_tablet":{"unit":"px","size":"","sizes":[]},"description_typography_line_height_mobile":{"unit":"px","size":"","sizes":[]},"pa_condition_repeater":[],"premium_tooltip_text":"Hi, I'm a global tooltip.","premium_tooltip_position":"top,bottom","pa_cursor_ftext":"Premium Follow Text","pa_badge_text":"New","premium_mscroll_repeater":[],"ai":{"generator":"websitePlanner","baseTemplateId":"undefined","blockId":"undefined","requestIds":{"sessionId":"wp-session-3bda7ea2-b2ee-4ba8-84cb-3666e16a85ba","generateId":"wp-page-services","batchId":"wp-section-benefits"}}},"elements":[],"isInner":false,"widgetType":"icon-box","elType":"widget"}],"isInner":true,"elType":"container"}],"isInner":true,"elType":"container"}],"isInner":false,"elType":"container"},{"id":"2db1c7e7","settings":{"layout":"full_width","flex_gap":{"size":80,"unit":"px","column":"80","row":"80","isLinked":true},"structure":"20","background_background":"classic","background_color":"#2B2D42","padding":{"unit":"px","top":"100","right":"24","bottom":"100","left":"24","isLinked":false},"padding_tablet":{"unit":"px","top":"80","right":"16","bottom":"80","left":"16","isLinked":false},"padding_mobile":{"unit":"px","top":"48","right":"16","bottom":"48","left":"16","isLinked":false},"_title":"T\u00e9moignages de Patients","flex_direction":"column","flex_align_items":"center","flex_align_items_tablet":"center","boxed_width":{"unit":"px","size":1280,"sizes":[]},"flex_gap_tablet":{"unit":"px","size":16,"sizes":[],"column":"16","row":"16","isLinked":true},"flex_gap_mobile":{"unit":"px","size":16,"sizes":[],"column":"16","row":"16","isLinked":true},"min_height_tablet":{"unit":"px","size":0,"sizes":[]},"background_image":{"url":"","id":"","size":"","alt":"","source":"library"},"background_position":"center center","background_repeat":"no-repeat","background_size":"cover","background_overlay_color":"#8D99AE","background_overlay_opacity":{"unit":"px","size":0.6,"sizes":[]},"__globals__":{"background_color":""},"pa_condition_repeater":[],"premium_tooltip_text":"Hi, I'm a global tooltip.","premium_tooltip_position":"top,bottom","premium_parallax_layers_list":[],"premium_gradient_colors_repeater":[],"premium_kenburns_repeater":[],"premium_lottie_repeater":[],"premium_blob_repeater":[],"pa_cursor_ftext":"Premium Follow Text","pa_badge_text":"New","ai":{"generator":"websitePlanner","baseTemplateId":"undefined","blockId":"undefined","requestIds":{"sessionId":"wp-session-3bda7ea2-b2ee-4ba8-84cb-3666e16a85ba","generateId":"wp-page-services","batchId":"wp-section-testimonial-carousel"}}},"elements":[{"id":"49f6c879","settings":{"_column_size":50,"width":{"size":50,"unit":"%"},"width_tablet":{"size":80,"unit":"%"},"flex_gap":{"size":20,"unit":"px","column":"20","row":"20","isLinked":true},"padding":{"unit":"%","top":"0","right":"0","bottom":"0","left":"0","isLinked":true},"padding_tablet":{"unit":"%","top":"0","right":"0","bottom":"0","left":"0","isLinked":false},"padding_mobile":{"unit":"%","top":"","right":"","bottom":"","left":"","isLinked":true},"content_width":"full","flex_justify_content":"center","flex_justify_content_tablet":"center","flex_gap_tablet":{"unit":"px","size":10,"sizes":[],"column":"10","row":"10","isLinked":true},"margin_tablet":{"unit":"px","top":"0","right":"0","bottom":"0","left":"0","isLinked":false},"_flex_size":"grow","pa_condition_repeater":[],"premium_tooltip_text":"Hi, I'm a global tooltip.","premium_tooltip_position":"top,bottom","premium_parallax_layers_list":[],"premium_gradient_colors_repeater":[],"premium_kenburns_repeater":[],"premium_lottie_repeater":[],"premium_blob_repeater":[],"pa_cursor_ftext":"Premium Follow Text","pa_badge_text":"New","ai":{"generator":"websitePlanner","baseTemplateId":"undefined","blockId":"undefined","requestIds":{"sessionId":"wp-session-3bda7ea2-b2ee-4ba8-84cb-3666e16a85ba","generateId":"wp-page-services","batchId":"wp-section-testimonial-carousel"}}},"elements":[{"id":"21adeda6","settings":{"title":"T\u00e9moignages","header_size":"h5","typography_font_size":{"unit":"px","size":18,"sizes":[]},"typography_font_weight":"500","align_mobile":"center","align":"center","typography_font_size_tablet":{"unit":"px","size":18,"sizes":[]},"typography_font_size_mobile":{"unit":"px","size":16,"sizes":[]},"typography_text_transform":"none","typography_font_style":"normal","typography_text_decoration":"none","typography_line_height":{"unit":"custom","size":"140%","sizes":[]},"typography_line_height_tablet":{"unit":"px","size":"","sizes":[]},"typography_line_height_mobile":{"unit":"px","size":"","sizes":[]},"typography_letter_spacing":{"unit":"px","size":0,"sizes":[]},"typography_word_spacing":{"unit":"em","size":"","sizes":[]},"pa_condition_repeater":[],"premium_tooltip_text":"Hi, I'm a global tooltip.","premium_tooltip_position":"top,bottom","pa_cursor_ftext":"Premium Follow Text","pa_badge_text":"New","premium_mscroll_repeater":[],"__globals__":{"typography_typography":"globals\/typography?id=heading-s","title_color":"globals\/colors?id=background"},"ai":{"generator":"websitePlanner","baseTemplateId":"undefined","blockId":"undefined","requestIds":{"sessionId":"wp-session-3bda7ea2-b2ee-4ba8-84cb-3666e16a85ba","generateId":"wp-page-services","batchId":"wp-section-testimonial-carousel"}}},"elements":[],"isInner":false,"widgetType":"heading","elType":"widget"},{"id":"183a799","settings":{"title":"Ce que nos patients disent de nous","align":"center","typography_font_size":{"unit":"px","size":56,"sizes":[]},"typography_font_weight":"600","align_mobile":"center","typography_font_size_tablet":{"unit":"px","size":48,"sizes":[]},"typography_font_size_mobile":{"unit":"px","size":40,"sizes":[]},"typography_line_height_tablet":{"unit":"custom","size":" ","sizes":[]},"typography_line_height":{"unit":"custom","size":"1.2","sizes":[]},"typography_line_height_mobile":{"unit":"custom","size":"","sizes":[]},"typography_word_spacing":{"unit":"em","size":"","sizes":[]},"__globals__":{"typography_typography":"globals\/typography?id=heading-xl","title_color":"globals\/colors?id=background"},"pa_condition_repeater":[],"premium_tooltip_text":"Hi, I'm a global tooltip.","premium_tooltip_position":"top,bottom","pa_cursor_ftext":"Premium Follow Text","pa_badge_text":"New","premium_mscroll_repeater":[],"ai":{"generator":"websitePlanner","baseTemplateId":"undefined","blockId":"undefined","requestIds":{"sessionId":"wp-session-3bda7ea2-b2ee-4ba8-84cb-3666e16a85ba","generateId":"wp-page-services","batchId":"wp-section-testimonial-carousel"}}},"elements":[],"isInner":false,"widgetType":"heading","elType":"widget"}],"isInner":true,"elType":"container"},{"id":"21640ecd","settings":{"layout":"full_width","flex_gap":{"size":12,"unit":"%","column":"12","row":"12","isLinked":true},"structure":"20","margin_tablet":{"unit":"px","top":"50","right":0,"bottom":"0","left":0,"isLinked":false},"flex_direction":"row","flex_align_items":"stretch","content_width":"full","flex_justify_content":"center","flex_gap_tablet":{"unit":"px","size":33,"sizes":[],"column":"33","row":"33","isLinked":true},"flex_gap_mobile":{"unit":"px","size":50,"sizes":[],"column":"50","row":"50","isLinked":true},"flex_direction_mobile":"column","flex_justify_content_tablet":"space-between","flex_justify_content_mobile":"flex-start","flex_align_items_mobile":"stretch","flex_wrap_tablet":"nowrap","flex_wrap_mobile":"wrap","padding":{"unit":"px","top":"0","right":"0","bottom":"0","left":"0","isLinked":true},"pa_condition_repeater":[],"premium_tooltip_text":"Hi, I'm a global tooltip.","premium_tooltip_position":"top,bottom","premium_parallax_layers_list":[],"premium_gradient_colors_repeater":[],"premium_kenburns_repeater":[],"premium_lottie_repeater":[],"premium_blob_repeater":[],"pa_cursor_ftext":"Premium Follow Text","pa_badge_text":"New","ai":{"generator":"websitePlanner","baseTemplateId":"undefined","blockId":"undefined","requestIds":{"sessionId":"wp-session-3bda7ea2-b2ee-4ba8-84cb-3666e16a85ba","generateId":"wp-page-services","batchId":"wp-section-testimonial-carousel"}}},"elements":[{"id":"21ee791a","settings":{"_column_size":50,"width":{"size":83,"unit":"%"},"flex_gap":{"size":49,"unit":"px","column":"49","row":"49","isLinked":true},"margin_mobile":{"unit":"px","top":"0","right":"0","bottom":"0","left":"0","isLinked":false},"padding":{"unit":"%","top":"0","right":"0","bottom":"0","left":"0","isLinked":false},"padding_mobile":{"unit":"%","top":"0","right":"0","bottom":"0","left":"0","isLinked":false},"animation_duration":"slow","animation_delay":150,"content_width":"full","flex_gap_tablet":{"unit":"px","size":20,"sizes":[],"column":"20","row":"20","isLinked":true},"flex_direction":"column","width_tablet":{"unit":"%","size":100,"sizes":[]},"width_mobile":{"unit":"%","size":"","sizes":[]},"pa_condition_repeater":[],"premium_tooltip_text":"Hi, I'm a global tooltip.","premium_tooltip_position":"top,bottom","premium_parallax_layers_list":[],"premium_gradient_colors_repeater":[],"premium_kenburns_repeater":[],"premium_lottie_repeater":[],"premium_blob_repeater":[],"pa_cursor_ftext":"Premium Follow Text","pa_badge_text":"New","ai":{"generator":"websitePlanner","baseTemplateId":"undefined","blockId":"undefined","requestIds":{"sessionId":"wp-session-3bda7ea2-b2ee-4ba8-84cb-3666e16a85ba","generateId":"wp-page-services","batchId":"wp-section-testimonial-carousel"}}},"elements":[{"id":"3a5c81ed","settings":{"star_style":"\u00e9toiles","align":"center","icon_size":{"unit":"px","size":30,"sizes":[]},"icon_size_mobile":{"unit":"px","size":24,"sizes":[]},"icon_space":{"unit":"px","size":8,"sizes":[]},"stars_color":"#EDF2F4","__globals__":{"stars_color":""},"pa_condition_repeater":[],"premium_tooltip_text":"Hi, I'm a global tooltip.","premium_tooltip_position":"top,bottom","pa_cursor_ftext":"Premium Follow Text","pa_badge_text":"New","premium_mscroll_repeater":[],"ai":{"generator":"websitePlanner","baseTemplateId":"undefined","blockId":"undefined","requestIds":{"sessionId":"wp-session-3bda7ea2-b2ee-4ba8-84cb-3666e16a85ba","generateId":"wp-page-services","batchId":"wp-section-testimonial-carousel"}}},"elements":[],"isInner":false,"widgetType":"star-rating","elType":"widget"},{"id":"77d8b937","settings":{"testimonial_content":"\u00ab Gr\u00e2ce \u00e0 AFFASS, j'ai enfin trouv\u00e9 des r\u00e9ponses \u00e0 mes probl\u00e8mes urinaires. L'\u00e9quipe a \u00e9t\u00e9 attentive et r\u00e9active tout au long de mon parcours. Je recommande vivement ! \u00bb","testimonial_image":{"url":"","id":""},"testimonial_name":"Jean Dupont","testimonial_job":"Professeur","content_typography_font_size":{"unit":"px","size":24,"sizes":[]},"content_typography_font_size_tablet":{"unit":"px","size":22,"sizes":[]},"content_typography_font_size_mobile":{"unit":"px","size":18,"sizes":[]},"content_typography_font_weight":"600","content_typography_text_transform":"none","content_typography_font_style":"normal","content_typography_text_decoration":"none","content_typography_line_height":{"unit":"custom","size":"140%","sizes":[]},"content_typography_letter_spacing":{"unit":"px","size":0,"sizes":[]},"image_border_width":{"unit":"px","size":"","sizes":[]},"image_border_width_tablet":{"unit":"px","size":"","sizes":[]},"image_border_width_mobile":{"unit":"px","size":"","sizes":[]},"image_border_color":"#000","image_border_radius":{"unit":"px","size":"","sizes":[]},"name_typography_typography":"custom","name_typography_font_family":"Poppins","name_typography_font_size":{"unit":"px","size":20,"sizes":[]},"name_typography_font_weight":"600","name_typography_text_transform":"none","name_typography_font_style":"normal","name_typography_text_decoration":"none","name_typography_line_height":{"unit":"custom","size":"140%","sizes":[]},"name_typography_letter_spacing":{"unit":"px","size":0,"sizes":[]},"name_typography_word_spacing":{"unit":"em","size":"","sizes":[]},"job_typography_font_size":{"unit":"px","size":18,"sizes":[]},"job_typography_font_weight":"500","job_typography_text_transform":"none","job_typography_font_style":"normal","job_typography_text_decoration":"none","job_typography_line_height":{"unit":"custom","size":"140%","sizes":[]},"job_typography_letter_spacing":{"unit":"px","size":0,"sizes":[]},"job_typography_word_spacing":{"unit":"em","size":"","sizes":[]},"_element_custom_width_mobile":{"unit":"%","size":100,"sizes":[]},"content_typography_line_height_tablet":{"unit":"px","size":"","sizes":[]},"content_typography_line_height_mobile":{"unit":"px","size":"","sizes":[]},"name_typography_font_size_tablet":{"unit":"px","size":18,"sizes":[]},"name_typography_font_size_mobile":{"unit":"px","size":16,"sizes":[]},"name_typography_line_height_tablet":{"unit":"px","size":"","sizes":[]},"name_typography_line_height_mobile":{"unit":"px","size":"","sizes":[]},"job_typography_font_size_tablet":{"unit":"px","size":18,"sizes":[]},"job_typography_font_size_mobile":{"unit":"px","size":16,"sizes":[]},"job_typography_line_height_tablet":{"unit":"px","size":"","sizes":[]},"job_typography_line_height_mobile":{"unit":"px","size":"","sizes":[]},"__globals__":{"content_content_color":"globals\/colors?id=background","content_typography_typography":"globals\/typography?id=primary","name_text_color":"globals\/colors?id=background","name_typography_typography":"","job_text_color":"globals\/colors?id=background","job_typography_typography":"globals\/typography?id=heading-s"},"pa_condition_repeater":[],"premium_tooltip_text":"Hi, I'm a global tooltip.","premium_tooltip_position":"top,bottom","pa_cursor_ftext":"Premium Follow Text","pa_badge_text":"New","premium_mscroll_repeater":[],"ai":{"generator":"websitePlanner","baseTemplateId":"undefined","blockId":"undefined","requestIds":{"sessionId":"wp-session-3bda7ea2-b2ee-4ba8-84cb-3666e16a85ba","generateId":"wp-page-services","batchId":"wp-section-testimonial-carousel"}}},"elements":[],"isInner":false,"widgetType":"testimonial","elType":"widget"}],"isInner":true,"elType":"container"}],"isInner":true,"elType":"container"}],"isInner":false,"elType":"container"},{"id":"5a63ef4e","settings":{"flex_direction":"row","boxed_width":{"unit":"px","size":1280,"sizes":[]},"min_height":{"unit":"px","size":350,"sizes":[]},"min_height_mobile":{"unit":"px","size":450,"sizes":[]},"flex_direction_tablet":"column","flex_direction_mobile":"column","flex_justify_content":"space-between","flex_justify_content_tablet":"center","flex_justify_content_mobile":"center","flex_align_items":"center","flex_align_items_mobile":"flex-start","flex_gap":{"unit":"px","size":0,"sizes":[],"column":"0","row":"0","isLinked":true},"flex_gap_tablet":{"unit":"px","size":16,"sizes":[],"column":"16","row":"16","isLinked":true},"flex_gap_mobile":{"unit":"px","size":16,"sizes":[],"column":"16","row":"16","isLinked":true},"background_background":"classic","background_image":{"id":52550,"url":"https:\/\/website-planner-02.elementor.cloud\/wp-content\/uploads\/2025\/04\/wireframe-img-2.png"},"background_position":"center center","background_repeat":"no-repeat","background_size":"cover","margin":{"unit":"px","top":"0","right":"0","bottom":"0","left":"0","isLinked":false},"padding":{"unit":"px","top":"0","right":"24","bottom":"0","left":"24","isLinked":false},"background_overlay_background":"classic","background_overlay_color":"#2B2D42","background_overlay_opacity":{"unit":"px","size":0.6,"sizes":[]},"pa_condition_repeater":[],"premium_tooltip_text":"Hi, I'm a global tooltip.","premium_tooltip_position":"top,bottom","premium_parallax_layers_list":[],"premium_gradient_colors_repeater":[],"premium_kenburns_repeater":[],"premium_lottie_repeater":[],"premium_blob_repeater":[],"pa_cursor_ftext":"Premium Follow Text","pa_badge_text":"New","__globals__":{"background_overlay_color":""},"ai":{"generator":"websitePlanner","baseTemplateId":"undefined","blockId":"undefined","requestIds":{"sessionId":"wp-session-3bda7ea2-b2ee-4ba8-84cb-3666e16a85ba","generateId":"wp-page-services","batchId":"wp-section-cta-appointment"}},"_title":"Prendre Rendez-vous"},"elements":[{"id":"23c190e","settings":{"content_width":"full","width":{"unit":"%","size":60,"sizes":[]},"width_tablet":{"unit":"%","size":100,"sizes":[]},"width_mobile":{"unit":"%","size":"","sizes":[]},"flex_direction_mobile":"column","flex_align_items_mobile":"flex-start","flex_gap":{"unit":"px","size":24,"sizes":[],"column":"24","row":"24","isLinked":true},"flex_gap_tablet":{"unit":"px","size":16,"sizes":[],"column":"16","row":"16","isLinked":true},"flex_gap_mobile":{"unit":"px","size":16,"sizes":[],"column":"16","row":"16","isLinked":true},"margin":{"unit":"px","top":"0","right":"0","bottom":"0","left":"0","isLinked":false},"padding":{"unit":"px","top":"0","right":"0","bottom":"0","left":"0","isLinked":false},"pa_condition_repeater":[],"premium_tooltip_text":"Hi, I'm a global tooltip.","premium_tooltip_position":"top,bottom","premium_parallax_layers_list":[],"premium_gradient_colors_repeater":[],"premium_kenburns_repeater":[],"premium_lottie_repeater":[],"premium_blob_repeater":[],"pa_cursor_ftext":"Premium Follow Text","pa_badge_text":"New","ai":{"generator":"websitePlanner","baseTemplateId":"undefined","blockId":"undefined","requestIds":{"sessionId":"wp-session-3bda7ea2-b2ee-4ba8-84cb-3666e16a85ba","generateId":"wp-page-services","batchId":"wp-section-cta-appointment"}}},"elements":[{"id":"5f2f7271","settings":{"title":"Prenez rendez-vous d\u00e8s aujourd'hui","typography_font_size":{"unit":"px","size":48,"sizes":[]},"typography_font_size_tablet":{"unit":"px","size":40,"sizes":[]},"typography_font_weight":"600","typography_line_height":{"unit":"custom","size":"120%","sizes":[]},"typography_line_height_tablet":{"unit":"custom","size":"","sizes":[]},"typography_line_height_mobile":{"unit":"custom","size":"120%","sizes":[]},"typography_font_size_mobile":{"unit":"px","size":32,"sizes":[]},"typography_font_style":"normal","typography_text_decoration":"none","__globals__":{"typography_typography":"globals\/typography?id=heading-l","title_color":"globals\/colors?id=background"},"pa_condition_repeater":[],"premium_tooltip_text":"Hi, I'm a global tooltip.","premium_tooltip_position":"top,bottom","pa_cursor_ftext":"Premium Follow Text","pa_badge_text":"New","premium_mscroll_repeater":[],"ai":{"generator":"websitePlanner","baseTemplateId":"undefined","blockId":"undefined","requestIds":{"sessionId":"wp-session-3bda7ea2-b2ee-4ba8-84cb-3666e16a85ba","generateId":"wp-page-services","batchId":"wp-section-cta-appointment"}}},"elements":[],"isInner":false,"widgetType":"heading","elType":"widget"},{"id":"79978249","settings":{"editor":"<p>Contactez-nous pour discuter de vos besoins en urologie. Notre \u00e9quipe est pr\u00eate \u00e0 vous accompagner et \u00e0 r\u00e9pondre \u00e0 toutes vos questions.<\/p>","typography_font_size":{"unit":"px","size":16,"sizes":[]},"typography_font_size_tablet":{"unit":"px","size":14,"sizes":[]},"typography_font_weight":"400","typography_text_transform":"none","typography_font_style":"normal","typography_text_decoration":"none","typography_line_height":{"unit":"em","size":1.5,"sizes":[]},"typography_letter_spacing":{"unit":"px","size":0,"sizes":[]},"__globals__":{"typography_typography":"globals\/typography?id=text","text_color":"globals\/colors?id=background"},"pa_condition_repeater":[],"premium_tooltip_text":"Hi, I'm a global tooltip.","premium_tooltip_position":"top,bottom","pa_cursor_ftext":"Premium Follow Text","pa_badge_text":"New","premium_mscroll_repeater":[],"ai":{"generator":"websitePlanner","baseTemplateId":"undefined","blockId":"undefined","requestIds":{"sessionId":"wp-session-3bda7ea2-b2ee-4ba8-84cb-3666e16a85ba","generateId":"wp-page-services","batchId":"wp-section-cta-appointment"}}},"elements":[],"isInner":false,"widgetType":"text-editor","elType":"widget"}],"isInner":true,"elType":"container"},{"id":"42cbe5dc","settings":{"content_width":"full","width":{"unit":"%","size":40,"sizes":[]},"width_tablet":{"unit":"%","size":100,"sizes":[]},"width_mobile":{"unit":"%","size":"","sizes":[]},"flex_justify_content_tablet":"flex-end","flex_gap":{"unit":"px","size":24,"sizes":[],"column":"24","row":"24","isLinked":true},"flex_gap_tablet":{"unit":"px","size":16,"sizes":[],"column":"16","row":"16","isLinked":true},"margin":{"unit":"px","top":"0","right":"0","bottom":"0","left":"0","isLinked":false},"padding":{"unit":"px","top":"0","right":"0","bottom":"0","left":"0","isLinked":false},"pa_condition_repeater":[],"premium_tooltip_text":"Hi, I'm a global tooltip.","premium_tooltip_position":"top,bottom","premium_parallax_layers_list":[],"premium_gradient_colors_repeater":[],"premium_kenburns_repeater":[],"premium_lottie_repeater":[],"premium_blob_repeater":[],"pa_cursor_ftext":"Premium Follow Text","pa_badge_text":"New","ai":{"generator":"websitePlanner","baseTemplateId":"undefined","blockId":"undefined","requestIds":{"sessionId":"wp-session-3bda7ea2-b2ee-4ba8-84cb-3666e16a85ba","generateId":"wp-page-services","batchId":"wp-section-cta-appointment"}}},"elements":[{"id":"3bd8c367","settings":{"form_name":"Formulaire de Contact","form_fields":[{"custom_id":"nom","field_type":"courriel","placeholder":"Votre adresse courriel","width":"70","dynamic":{"active":true},"_id":"4597fe0","previous_button":"","next_button":"","file_sizes":"","file_types":"","allow_multiple_upload":"","max_files":"","acceptance_text":"","checked_by_default":"","field_min":"","field_max":"","min_date":"","max_date":"","use_native_date":"","use_native_time":"","width_tablet":"60"}],"button_width":"30","step_next_label":"Suivant","step_previous_label":"Pr\u00e9c\u00e9dent","button_text":"Soumettre","email_content":"[tous-les-champs]","email_content_2":"[tous-les-champs]","success_message":"Votre demande a \u00e9t\u00e9 envoy\u00e9e avec succ\u00e8s.","error_message":"Une erreur est survenue.","required_field_message":"Ce champ est requis.","invalid_message":"Le formulaire contient des erreurs. Merci de v\u00e9rifier vos informations.","label_typography_typography":"custom","label_typography_font_family":"Poppins","label_typography_font_weight":"400","html_typography_typography":"custom","html_typography_font_family":"Poppins","html_typography_font_weight":"400","field_text_color":"#2B2D42","field_typography_typography":"custom","field_typography_font_family":"Poppins","field_typography_font_weight":"400","field_typography_line_height":{"unit":"px","size":30,"sizes":[]},"field_border_color":"#2B2D42","button_typography_font_size":{"unit":"px","size":16,"sizes":[]},"button_typography_font_weight":"500","button_typography_line_height":{"unit":"custom","size":"150%","sizes":[]},"button_typography_line_height_tablet":{"unit":"custom","size":"","sizes":[]},"button_typography_line_height_mobile":{"unit":"custom","size":"","sizes":[]},"button_border_border":"solid","button_border_width":{"unit":"px","top":"1","right":"1","bottom":"1","left":"1","isLinked":true},"button_background_color":"#D90429","previous_button_text_color":"#8D99AE","previous_button_border_color":"#2B2D42","button_text_padding":{"unit":"px","top":"12","right":"24","bottom":"12","left":"24","isLinked":false},"button_width_tablet":"25","button_width_mobile":"100","button_align_mobile":"stretch","field_typography_font_size_tablet":{"unit":"px","size":14,"sizes":[]},"button_typography_font_size_tablet":{"unit":"px","size":14,"sizes":[]},"button_border_color":"#D90429","button_hover_color":"","_padding_tablet":{"unit":"px","top":"0","right":"0","bottom":"0","left":"0","isLinked":false},"server_message":"Votre envoi a \u00e9chou\u00e9 en raison d'une erreur serveur.","column_gap":{"unit":"px","size":12,"sizes":[]},"row_gap":{"unit":"px","size":20,"sizes":[]},"label_spacing":{"unit":"px","size":12,"sizes":[]},"field_typography_line_height_tablet":{"unit":"em","size":2,"sizes":[]},"field_typography_line_height_mobile":{"unit":"custom","size":"","sizes":[]},"submit_actions":["email"],"label_color":"#8D99AE","html_color":"#8D99AE","message_typography_font_size":{"unit":"px","size":16,"sizes":[]},"message_typography_font_size_tablet":{"unit":"px","size":14,"sizes":[]},"message_typography_font_weight":"400","message_typography_text_transform":"none","message_typography_font_style":"normal","message_typography_text_decoration":"none","message_typography_line_height":{"unit":"em","size":1.5,"sizes":[]},"message_typography_letter_spacing":{"unit":"px","size":0,"sizes":[]},"message_typography_word_spacing":{"unit":"em","size":"","sizes":[]},"__globals__":{"label_color":"","html_color":"","field_text_color":"","field_border_color":"","field_background_color":"globals\/colors?id=background","button_background_color":"","button_border_color":"","previous_button_text_color":"","previous_button_border_color":"","message_typography_typography":"globals\/typography?id=text","steps_typography_typography":"","step_inactive_primary_color":"","step_active_primary_color":"","step_completed_primary_color":"","button_text_color":"globals\/colors?id=background","previous_button_background_color":"globals\/colors?id=transparent","button_typography_typography":"globals\/typography?id=text"},"pa_condition_repeater":[],"premium_tooltip_text":"Hi, I'm a global tooltip.","premium_tooltip_position":"top,bottom","pa_cursor_ftext":"Premium Follow Text","pa_badge_text":"New","premium_mscroll_repeater":[],"ai":{"generator":"websitePlanner","baseTemplateId":"undefined","blockId":"undefined","requestIds":{"sessionId":"wp-session-3bda7ea2-b2ee-4ba8-84cb-3666e16a85ba","generateId":"wp-page-services","batchId":"wp-section-cta-appointment"}}},"elements":[],"isInner":false,"widgetType":"form","elType":"widget"},{"id":"7e55717e","settings":{"editor":"<p>En soumettant votre demande, vous acceptez nos conditions d'utilisation.<\/p>","typography_typography":"custom","typography_font_family":"Figtree","typography_font_size":{"unit":"px","size":14,"sizes":[]},"typography_font_weight":"400","align_mobile":"left","typography_font_size_tablet":{"unit":"px","size":14,"sizes":[]},"_margin":{"unit":"px","top":"-10","right":"0","bottom":"0","left":"0","isLinked":false},"_margin_tablet":{"unit":"px","top":"-8","right":"0","bottom":"0","left":"0","isLinked":false},"typography_text_transform":"none","typography_font_style":"normal","typography_text_decoration":"none","typography_line_height":{"unit":"em","size":1.5,"sizes":[]},"typography_letter_spacing":{"unit":"px","size":0,"sizes":[]},"typography_word_spacing":{"unit":"em","size":"","sizes":[]},"__globals__":{"typography_typography":"","text_color":"globals\/colors?id=background"},"pa_condition_repeater":[],"premium_tooltip_text":"Hi, I'm a global tooltip.","premium_tooltip_position":"top,bottom","pa_cursor_ftext":"Premium Follow Text","pa_badge_text":"New","premium_mscroll_repeater":[],"ai":{"generator":"websitePlanner","baseTemplateId":"undefined","blockId":"undefined","requestIds":{"sessionId":"wp-session-3bda7ea2-b2ee-4ba8-84cb-3666e16a85ba","generateId":"wp-page-services","batchId":"wp-section-cta-appointment"}}},"elements":[],"isInner":false,"widgetType":"text-editor","elType":"widget"}],"isInner":true,"elType":"container"}],"isInner":false,"elType":"container"},{"id":"246e9482","settings":{"flex_gap":{"size":0,"unit":"px","column":"0","row":"0","isLinked":true},"custom_height":{"unit":"px","size":""},"content_position":"middle","padding":{"unit":"px","top":"100","right":"24","bottom":"100","left":"24","isLinked":false},"background_background":"classic","padding_tablet":{"unit":"px","top":"80","right":"16","bottom":"80","left":"16","isLinked":false},"padding_mobile":{"unit":"px","top":"48","right":"16","bottom":"48","left":"16","isLinked":false},"boxed_width":{"unit":"px","size":1280,"sizes":[]},"flex_direction":"column","flex_align_items":"center","flex_justify_content":"center","margin":{"unit":"px","top":"0","right":"0","bottom":"0","left":"0","isLinked":false},"pa_condition_repeater":[],"premium_tooltip_text":"Hi, I'm a global tooltip.","premium_tooltip_position":"top,bottom","premium_parallax_layers_list":[],"premium_gradient_colors_repeater":[],"premium_kenburns_repeater":[],"premium_lottie_repeater":[],"premium_blob_repeater":[],"pa_cursor_ftext":"Premium Follow Text","pa_badge_text":"New","ai":{"generator":"websitePlanner","baseTemplateId":"undefined","blockId":"undefined","requestIds":{"sessionId":"wp-session-3bda7ea2-b2ee-4ba8-84cb-3666e16a85ba","generateId":"wp-page-services","batchId":"wp-section-faq"}},"_title":"FAQ"},"elements":[{"id":"7e6a17db","settings":{"_column_size":100,"width":{"size":null,"unit":"%"},"padding_tablet":{"unit":"px","top":"0","right":"0","bottom":"0","left":"0","isLinked":true},"align":"center","flex_gap":{"size":24,"unit":"px","column":"24","row":"24","isLinked":true},"flex_gap_mobile":{"size":16,"unit":"px","column":"16","row":"16","isLinked":true},"content_width":"full","flex_direction":"column","flex_justify_content":"center","flex_align_items":"center","flex_align_items_mobile":"flex-start","flex_gap_tablet":{"unit":"px","size":16,"sizes":[],"column":"16","row":"16","isLinked":true},"pa_condition_repeater":[],"premium_tooltip_text":"Hi, I'm a global tooltip.","premium_tooltip_position":"top,bottom","premium_parallax_layers_list":[],"premium_gradient_colors_repeater":[],"premium_kenburns_repeater":[],"premium_lottie_repeater":[],"premium_blob_repeater":[],"pa_cursor_ftext":"Premium Follow Text","pa_badge_text":"New","ai":{"generator":"websitePlanner","baseTemplateId":"undefined","blockId":"undefined","requestIds":{"sessionId":"wp-session-3bda7ea2-b2ee-4ba8-84cb-3666e16a85ba","generateId":"wp-page-services","batchId":"wp-section-faq"}}},"elements":[{"id":"74cec289","settings":{"title":"Questions Fr\u00e9quemment Pos\u00e9es","align":"center","title_color":"#8D99AE","typography_font_size":{"unit":"px","size":48,"sizes":[]},"typography_font_weight":"600","typography_line_height":{"unit":"custom","size":"120%","sizes":[]},"typography_font_size_mobile":{"unit":"px","size":32,"sizes":[]},"typography_font_size_tablet":{"unit":"px","size":40,"sizes":[]},"typography_line_height_tablet":{"unit":"custom","size":"","sizes":[]},"typography_line_height_mobile":{"unit":"custom","size":"120%","sizes":[]},"typography_font_style":"normal","typography_text_decoration":"none","pa_condition_repeater":[],"premium_tooltip_text":"Hi, I'm a global tooltip.","premium_tooltip_position":"top,bottom","pa_cursor_ftext":"Premium Follow Text","pa_badge_text":"New","premium_mscroll_repeater":[],"__globals__":{"typography_typography":"globals\/typography?id=heading-l"},"_flex_align_self_mobile":"center","ai":{"generator":"websitePlanner","baseTemplateId":"undefined","blockId":"undefined","requestIds":{"sessionId":"wp-session-3bda7ea2-b2ee-4ba8-84cb-3666e16a85ba","generateId":"wp-page-services","batchId":"wp-section-faq"}}},"elements":[],"isInner":false,"widgetType":"heading","elType":"widget"},{"id":"5cd6947e","settings":{"title":"Voici les r\u00e9ponses \u00e0 vos questions courantes.","header_size":"h5","align":"center","title_color":"#2E2E2E","typography_font_size":{"unit":"px","size":18,"sizes":[]},"typography_font_weight":"500","_margin":{"unit":"px","top":"0","right":"0","bottom":"20","left":"0","isLinked":false},"typography_font_size_mobile":{"unit":"px","size":16,"sizes":[]},"typography_line_height_mobile":{"unit":"px","size":"","sizes":[]},"typography_line_height":{"unit":"custom","size":"140%","sizes":[]},"typography_line_height_tablet":{"unit":"px","size":"","sizes":[]},"typography_font_size_tablet":{"unit":"px","size":18,"sizes":[]},"typography_text_transform":"none","typography_font_style":"normal","typography_text_decoration":"none","typography_letter_spacing":{"unit":"px","size":0,"sizes":[]},"typography_word_spacing":{"unit":"em","size":"","sizes":[]},"pa_condition_repeater":[],"premium_tooltip_text":"Hi, I'm a global tooltip.","premium_tooltip_position":"top,bottom","pa_cursor_ftext":"Premium Follow Text","pa_badge_text":"New","premium_mscroll_repeater":[],"__globals__":{"typography_typography":"globals\/typography?id=heading-s"},"ai":{"generator":"websitePlanner","baseTemplateId":"undefined","blockId":"undefined","requestIds":{"sessionId":"wp-session-3bda7ea2-b2ee-4ba8-84cb-3666e16a85ba","generateId":"wp-page-services","batchId":"wp-section-faq"}}},"elements":[],"isInner":false,"widgetType":"heading","elType":"widget"},{"id":"5e03b325","settings":{"boxed_width":{"unit":"px","size":1280,"sizes":[]},"flex_direction":"row","flex_gap":{"column":"48","row":"48","isLinked":true,"unit":"px","size":48},"pa_condition_repeater":[],"premium_tooltip_text":"Hi, I'm a global tooltip.","premium_tooltip_position":"top,bottom","premium_parallax_layers_list":[],"premium_gradient_colors_repeater":[],"premium_kenburns_repeater":[],"premium_lottie_repeater":[],"premium_blob_repeater":[],"pa_cursor_ftext":"Premium Follow Text","pa_badge_text":"New","ai":{"generator":"websitePlanner","baseTemplateId":"undefined","blockId":"undefined","requestIds":{"sessionId":"wp-session-3bda7ea2-b2ee-4ba8-84cb-3666e16a85ba","generateId":"wp-page-services","batchId":"wp-section-faq"}}},"elements":[{"id":"7285b2bb","settings":{"flex_direction":"row","flex_justify_content":"center","flex_gap":{"unit":"px","size":48,"sizes":[],"row":"48","column":"48","isLinked":true},"flex_gap_tablet":{"unit":"px","size":32,"sizes":[],"column":"32","row":"32","isLinked":true},"flex_gap_mobile":{"unit":"px","size":0,"sizes":[],"column":"0","row":"0","isLinked":true},"margin":{"unit":"px","top":"0","right":"0","bottom":"0","left":"0","isLinked":false},"margin_tablet":{"unit":"px","top":"0","right":"0","bottom":"0","left":"0","isLinked":false},"padding":{"unit":"px","top":"0","right":"0","bottom":"0","left":"0","isLinked":false},"padding_tablet":{"unit":"px","top":"0","right":"0","bottom":"0","left":"0","isLinked":false},"boxed_width":{"unit":"px","size":1280,"sizes":[]},"pa_condition_repeater":[],"premium_tooltip_text":"Hi, I'm a global tooltip.","premium_tooltip_position":"top,bottom","premium_parallax_layers_list":[],"premium_gradient_colors_repeater":[],"premium_kenburns_repeater":[],"premium_lottie_repeater":[],"premium_blob_repeater":[],"pa_cursor_ftext":"Premium Follow Text","pa_badge_text":"New","ai":{"generator":"websitePlanner","baseTemplateId":"undefined","blockId":"undefined","requestIds":{"sessionId":"wp-session-3bda7ea2-b2ee-4ba8-84cb-3666e16a85ba","generateId":"wp-page-services","batchId":"wp-section-faq"}}},"elements":[{"id":"13fed15","settings":{"tabs":[{"tab_title":"Quels sont vos horaires d'ouverture ?","tab_content":"<p>Nous sommes ouverts du lundi au vendredi de 9h \u00e0 18h. N\u2019h\u00e9sitez pas \u00e0 nous contacter pour prendre un rendez-vous ou pour toute question sp\u00e9cifique sur nos services.<\/p>","_id":"9ee9b18"},{"tab_title":"Quels services proposez-vous ?","tab_content":"<p>Nous proposons une large gamme de soins urologiques, y compris des consultations, des diagnostics et des traitements adapt\u00e9s \u00e0 vos besoins. Nos professionnels sont l\u00e0 pour vous accompagner \u00e0 chaque \u00e9tape.<\/p>","_id":"b2a69b6"},{"tab_title":"Puis-je annuler un rendez-vous ?","tab_content":"<p>Oui, vous pouvez annuler ou reprogrammer votre rendez-vous. Nous vous prions de bien vouloir nous pr\u00e9venir au moins 24 heures \u00e0 l\u2019avance pour faciliter l\u2019organisation de notre planning.<\/p>","_id":"5fedc62"},{"tab_title":"Quelles sont vos m\u00e9thodes de paiement ?","tab_content":"<p>Nous acceptons divers modes de paiement, y compris les cartes de cr\u00e9dit et les esp\u00e8ces. Pour plus de d\u00e9tails concernant les traitements sp\u00e9cifiques, n\u2019h\u00e9sitez pas \u00e0 vous renseigner.<\/p>","_id":"a1bcb69"},{"tab_title":"Comment obtenir des conseils m\u00e9dicaux ?","tab_content":"<p>Pour obtenir des conseils m\u00e9dicaux, veuillez prendre rendez-vous avec l\u2019un de nos sp\u00e9cialistes. Nous nous engageons \u00e0 r\u00e9pondre \u00e0 toutes vos pr\u00e9occupations concernant votre sant\u00e9.<\/p>","_id":"d42d999"},{"tab_title":"O\u00f9 \u00eates-vous situ\u00e9s ?","tab_content":"<p>Nous sommes situ\u00e9s \u00e0 [adresse compl\u00e8te]. Vous pouvez nous rejoindre facilement gr\u00e2ce aux transports en commun ou en voiture.<\/p>","_id":"b36c942"}],"border_width":{"unit":"px","size":""},"space_between":{"unit":"px","size":16},"box_shadow_box_shadow_type":"yes","box_shadow_box_shadow":{"horizontal":0,"vertical":0,"blur":0,"spread":0,"color":"rgba(1.9999999999999567, 0.9999999999999784, 0.9999999999999784, 0)"},"title_color":"#8D99AE","title_padding":{"unit":"px","top":"32","right":"24","bottom":"32","left":"0","isLinked":false},"icon_align":"right","content_padding":{"unit":"px","top":"0","right":"36","bottom":"16","left":"0","isLinked":false},"border_color":"#8D99AE","title_typography_font_size":{"unit":"px","size":18,"sizes":[]},"title_typography_font_weight":"500","title_typography_text_transform":"none","icon_color":"#8D99AE","icon_active_color":"#2E2E2E","content_color":"#2E2E2E","content_typography_font_size":{"unit":"px","size":16,"sizes":[]},"content_typography_font_weight":"400","content_typography_line_height":{"unit":"em","size":1.5,"sizes":[]},"_background_color":"#EDF2F4","_border_width":{"unit":"px","top":"1","right":"0","bottom":"0","left":"0","isLinked":false},"tab_active_color":"#8D99AE","content_background_color":"rgba(25,25,25,0)","_padding_mobile":{"unit":"px","top":"0","right":"0","bottom":"0","left":"0","isLinked":false},"space_between_mobile":{"unit":"px","size":0,"sizes":[]},"title_typography_font_size_mobile":{"unit":"px","size":16,"sizes":[]},"title_padding_mobile":{"unit":"px","top":"24","right":"16","bottom":"24","left":"16","isLinked":false},"content_padding_mobile":{"unit":"px","top":"16","right":"16","bottom":"16","left":"16","isLinked":true},"title_typography_font_size_tablet":{"unit":"px","size":18,"sizes":[]},"_padding":{"unit":"px","top":"24","right":"24","bottom":"24","left":"24","isLinked":true},"_background_background":"classic","__globals__":{"_background_color":"","title_typography_typography":"globals\/typography?id=heading-s","content_typography_typography":"globals\/typography?id=text","title_background":"globals\/colors?id=transparent"},"title_typography_font_style":"normal","title_typography_text_decoration":"none","title_typography_line_height":{"unit":"custom","size":"140%","sizes":[]},"title_typography_line_height_tablet":{"unit":"px","size":"","sizes":[]},"title_typography_line_height_mobile":{"unit":"px","size":"","sizes":[]},"title_typography_letter_spacing":{"unit":"px","size":0,"sizes":[]},"title_typography_word_spacing":{"unit":"em","size":"","sizes":[]},"content_typography_font_size_tablet":{"unit":"px","size":14,"sizes":[]},"content_typography_text_transform":"none","content_typography_font_style":"normal","content_typography_text_decoration":"none","content_typography_letter_spacing":{"unit":"px","size":0,"sizes":[]},"pa_condition_repeater":[],"premium_tooltip_text":"Hi, I'm a global tooltip.","premium_tooltip_position":"top,bottom","pa_cursor_ftext":"Premium Follow Text","pa_badge_text":"New","premium_mscroll_repeater":[],"ai":{"generator":"websitePlanner","baseTemplateId":"undefined","blockId":"undefined","requestIds":{"sessionId":"wp-session-3bda7ea2-b2ee-4ba8-84cb-3666e16a85ba","generateId":"wp-page-services","batchId":"wp-section-faq"}}},"elements":[],"isInner":false,"widgetType":"toggle","elType":"widget"}],"isInner":true,"elType":"container"},{"id":"58f7a1fb","settings":{"flex_direction":"row","flex_justify_content":"center","flex_gap":{"unit":"px","size":48,"sizes":[],"row":"48","column":"48","isLinked":true},"flex_gap_tablet":{"unit":"px","size":32,"sizes":[],"column":"32","row":"32","isLinked":true},"flex_gap_mobile":{"unit":"px","size":0,"sizes":[],"column":"0","row":"0","isLinked":true},"margin":{"unit":"px","top":"0","right":"0","bottom":"0","left":"0","isLinked":false},"margin_tablet":{"unit":"px","top":"0","right":"0","bottom":"0","left":"0","isLinked":false},"padding":{"unit":"px","top":"0","right":"0","bottom":"0","left":"0","isLinked":false},"padding_tablet":{"unit":"px","top":"0","right":"0","bottom":"0","left":"0","isLinked":false},"boxed_width":{"unit":"px","size":1280,"sizes":[]},"pa_condition_repeater":[],"premium_tooltip_text":"Hi, I'm a global tooltip.","premium_tooltip_position":"top,bottom","premium_parallax_layers_list":[],"premium_gradient_colors_repeater":[],"premium_kenburns_repeater":[],"premium_lottie_repeater":[],"premium_blob_repeater":[],"pa_cursor_ftext":"Premium Follow Text","pa_badge_text":"New","ai":{"generator":"websitePlanner","baseTemplateId":"undefined","blockId":"undefined","requestIds":{"sessionId":"wp-session-3bda7ea2-b2ee-4ba8-84cb-3666e16a85ba","generateId":"wp-page-services","batchId":"wp-section-faq"}}},"elements":[{"id":"7014db10","settings":{"tabs":[{"tab_title":"Quels sont les signes d'une urgence ?","tab_content":"<p>Les signes d'une urgence peuvent inclure des douleurs intenses, des saignements inhabituels ou des difficult\u00e9s \u00e0 uriner. N'attendez pas, contactez-nous imm\u00e9diatement si vous ressentez l'un de ces sympt\u00f4mes.<\/p>","_id":"9ee9b18"},{"tab_title":"Y a-t-il des risques associ\u00e9s aux traitements ?","tab_content":"<p>Tous les traitements comportent des risques. Nous vous expliquerons en d\u00e9tail ces risques et r\u00e9pondrons \u00e0 toutes vos questions lors de votre consultation.<\/p>","_id":"b2a69b6"},{"tab_title":"Est-ce que vous acceptez des patients sans rendez-vous ?","tab_content":"<p>Nous priorisons les rendez-vous, mais nous ferons de notre mieux pour accueillir les urgences. Il est conseill\u00e9 de nous appeler avant de venir.<\/p>","_id":"5fedc62"},{"tab_title":"Pouvez-vous expliquer le processus de consultation ?","tab_content":"<p>Le processus de consultation commence par une discussion sur vos sympt\u00f4mes, suivie de tests si n\u00e9cessaire. Nous \u00e9tablirons ensuite un plan de traitement adapt\u00e9 \u00e0 votre situation.<\/p>","_id":"a1bcb69"},{"tab_title":"Comment puis-je pr\u00e9parer ma visite ?","tab_content":"<p>Pour votre visite, pensez \u00e0 rassembler tous vos documents m\u00e9dicaux et \u00e0 noter les questions que vous souhaitez poser. Cela facilitera notre discussion et votre diagnostic.<\/p>","_id":"d42d999"},{"tab_title":"Quelle est votre politique d'annulation ?","tab_content":"<p>Nous vous demandons d'annuler au moins 24 heures \u00e0 l'avance pour \u00e9viter des frais. Merci de nous contacter d\u00e8s que possible si vous devez annuler.<\/p>","_id":"b36c942"}],"border_width":{"unit":"px","size":""},"space_between":{"unit":"px","size":16},"box_shadow_box_shadow_type":"yes","box_shadow_box_shadow":{"horizontal":0,"vertical":0,"blur":0,"spread":0,"color":"rgba(1.9999999999999567, 0.9999999999999784, 0.9999999999999784, 0)"},"title_color":"#8D99AE","title_padding":{"unit":"px","top":"32","right":"24","bottom":"32","left":"0","isLinked":false},"icon_align":"right","content_padding":{"unit":"px","top":"0","right":"36","bottom":"16","left":"0","isLinked":false},"border_color":"#8D99AE","title_typography_font_size":{"unit":"px","size":18,"sizes":[]},"title_typography_font_weight":"500","title_typography_text_transform":"none","icon_color":"#8D99AE","icon_active_color":"#2E2E2E","content_color":"#2E2E2E","content_typography_font_size":{"unit":"px","size":16,"sizes":[]},"content_typography_font_weight":"400","content_typography_line_height":{"unit":"em","size":1.5,"sizes":[]},"_background_color":"#EDF2F4","_border_width":{"unit":"px","top":"1","right":"0","bottom":"0","left":"0","isLinked":false},"tab_active_color":"#8D99AE","content_background_color":"rgba(25,25,25,0)","_padding_mobile":{"unit":"px","top":"0","right":"0","bottom":"0","left":"0","isLinked":false},"space_between_mobile":{"unit":"px","size":0,"sizes":[]},"title_typography_font_size_mobile":{"unit":"px","size":16,"sizes":[]},"title_padding_mobile":{"unit":"px","top":"24","right":"16","bottom":"24","left":"16","isLinked":false},"content_padding_mobile":{"unit":"px","top":"16","right":"16","bottom":"16","left":"16","isLinked":true},"title_typography_font_size_tablet":{"unit":"px","size":18,"sizes":[]},"_padding":{"unit":"px","top":"24","right":"24","bottom":"24","left":"24","isLinked":true},"_background_background":"classic","__globals__":{"_background_color":"","title_typography_typography":"globals\/typography?id=heading-s","content_typography_typography":"globals\/typography?id=text","title_background":"globals\/colors?id=transparent"},"title_typography_font_style":"normal","title_typography_text_decoration":"none","title_typography_line_height":{"unit":"custom","size":"140%","sizes":[]},"title_typography_line_height_tablet":{"unit":"px","size":"","sizes":[]},"title_typography_line_height_mobile":{"unit":"px","size":"","sizes":[]},"title_typography_letter_spacing":{"unit":"px","size":0,"sizes":[]},"title_typography_word_spacing":{"unit":"em","size":"","sizes":[]},"content_typography_font_size_tablet":{"unit":"px","size":14,"sizes":[]},"content_typography_text_transform":"none","content_typography_font_style":"normal","content_typography_text_decoration":"none","content_typography_letter_spacing":{"unit":"px","size":0,"sizes":[]},"pa_condition_repeater":[],"premium_tooltip_text":"Hi, I'm a global tooltip.","premium_tooltip_position":"top,bottom","pa_cursor_ftext":"Premium Follow Text","pa_badge_text":"New","premium_mscroll_repeater":[],"ai":{"generator":"websitePlanner","baseTemplateId":"undefined","blockId":"undefined","requestIds":{"sessionId":"wp-session-3bda7ea2-b2ee-4ba8-84cb-3666e16a85ba","generateId":"wp-page-services","batchId":"wp-section-faq"}}},"elements":[],"isInner":false,"widgetType":"toggle","elType":"widget"}],"isInner":true,"elType":"container"}],"isInner":true,"elType":"container"}],"isInner":true,"elType":"container"}],"isInner":false,"elType":"container"}],"settings":{"template":"default"},"metadata":[]}