{"content":[{"id":"322fb2e3","settings":{"gap_columns_custom_mobile":{"unit":"px","size":143,"sizes":[]},"custom_height":{"unit":"px","size":200,"sizes":[]},"custom_height_tablet":{"unit":"px","size":250,"sizes":[]},"custom_height_mobile":{"unit":"px","size":180,"sizes":[]},"structure":"20","padding":{"unit":"px","top":"0","right":"24","bottom":"0","left":"24","isLinked":false},"padding_tablet":{"unit":"px","top":"0","right":"16","bottom":"0","left":"16","isLinked":false},"padding_mobile":{"unit":"px","top":"48","right":"16","bottom":"48","left":"16","isLinked":false},"flex_direction":"row","flex_gap":{"size":24,"unit":"px","column":"24","row":"24","isLinked":true},"boxed_width":{"unit":"px","size":1280,"sizes":[]},"flex_gap_tablet":{"unit":"px","size":24,"sizes":[],"column":"24","row":"24","isLinked":true},"flex_gap_mobile":{"unit":"px","size":16,"sizes":[],"column":"16","row":"16","isLinked":true},"min_height":{"unit":"px","size":400,"sizes":[]},"min_height_tablet":{"unit":"px","size":400,"sizes":[]},"min_height_mobile":{"unit":"px","size":0,"sizes":[]},"flex_justify_content":"center","background_background":"classic","background_image":{"id":52545,"url":"https:\/\/website-planner-02.elementor.cloud\/wp-content\/uploads\/2025\/04\/wireframe-img-1.png"},"background_position":"center center","background_repeat":"no-repeat","background_size":"cover","background_overlay_background":"classic","background_overlay_color":"#2B2D42","background_overlay_opacity":{"unit":"px","size":0.6,"sizes":[]},"flex_align_items":"center","__globals__":{"background_overlay_color":""},"ai":{"generator":"websitePlanner","baseTemplateId":"undefined","blockId":"undefined","requestIds":{"sessionId":"wp-session-3bda7ea2-b2ee-4ba8-84cb-3666e16a85ba","generateId":"wp-page-contact","batchId":"wp-section-contact-hero"}},"_title":"Accueil"},"elements":[{"id":"65fa928","settings":{"_column_size":50,"width":{"size":null,"unit":"%"},"padding_mobile":{"unit":"px","top":"0","right":"0","bottom":"0","left":"0","isLinked":false},"flex_justify_content_mobile":"center","flex_gap":{"size":24,"unit":"px","column":"24","row":"24","isLinked":true},"flex_gap_tablet":{"size":16,"unit":"px","column":"16","row":"16","isLinked":true},"padding_tablet":{"unit":"px","top":"0","right":"0","bottom":"0","left":"0","isLinked":false},"content_width":"full","padding":{"unit":"px","top":"0","right":"0","bottom":"0","left":"0","isLinked":false},"flex_justify_content":"center","ai":{"generator":"websitePlanner","baseTemplateId":"undefined","blockId":"undefined","requestIds":{"sessionId":"wp-session-3bda7ea2-b2ee-4ba8-84cb-3666e16a85ba","generateId":"wp-page-contact","batchId":"wp-section-contact-hero"}}},"elements":[{"id":"ef9ed27","settings":{"title":"Bienvenue chez AFFASS","typography_font_size":{"unit":"px","size":48},"typography_font_weight":"600","typography_font_size_tablet":{"unit":"px","size":40},"typography_font_size_mobile":{"unit":"px","size":32},"typography_line_height_tablet":{"unit":"custom","size":" "},"typography_line_height":{"unit":"custom","size":"1.2","sizes":[]},"typography_line_height_mobile":{"unit":"custom","size":"","sizes":[]},"ai":{"generator":"websitePlanner","baseTemplateId":"undefined","blockId":"undefined","requestIds":{"sessionId":"wp-session-3bda7ea2-b2ee-4ba8-84cb-3666e16a85ba","generateId":"wp-page-contact","batchId":"wp-section-contact-hero"}},"__globals__":{"title_color":"globals\/colors?id=background","typography_typography":"globals\/typography?id=heading-l"}},"elements":[],"isInner":false,"widgetType":"heading","elType":"widget"}],"isInner":true,"elType":"container"},{"id":"6e26234a","settings":{"_column_size":50,"width":{"size":null,"unit":"%"},"padding_mobile":{"unit":"px","top":"0","right":"0","bottom":"0","left":"0","isLinked":false},"flex_justify_content_mobile":"center","flex_gap":{"size":24,"unit":"px","column":"24","row":"24","isLinked":true},"flex_gap_tablet":{"size":16,"unit":"px","column":"16","row":"16","isLinked":true},"padding_tablet":{"unit":"px","top":"0","right":"0","bottom":"0","left":"0","isLinked":false},"content_width":"full","padding":{"unit":"px","top":"0","right":"0","bottom":"0","left":"0","isLinked":false},"flex_justify_content":"center","ai":{"generator":"websitePlanner","baseTemplateId":"undefined","blockId":"undefined","requestIds":{"sessionId":"wp-session-3bda7ea2-b2ee-4ba8-84cb-3666e16a85ba","generateId":"wp-page-contact","batchId":"wp-section-contact-hero"}}},"elements":[{"id":"446856af","settings":{"editor":"<p>Notre cabinet offre des soins exceptionnels en urologie. Nous nous engageons \u00e0 fournir un soutien de qualit\u00e9 pour tous vos besoins urinaires. Votre bien-\u00eatre est notre priorit\u00e9 et nous sommes l\u00e0 pour vous accompagner \u00e0 chaque \u00e9tape.<\/p>","typography_font_size":{"unit":"px","size":16},"typography_font_weight":"400","typography_line_height":{"unit":"custom","size":"1.5"},"_margin":{"unit":"px","top":"0","right":"0","bottom":"-10","left":"0","isLinked":false},"typography_font_size_mobile":{"unit":"px","size":16,"sizes":[]},"typography_line_height_tablet":{"unit":"custom","size":"1.5","sizes":[]},"typography_line_height_mobile":{"unit":"custom","size":"","sizes":[]},"__globals__":{"text_color":"globals\/colors?id=background","typography_typography":"globals\/typography?id=text"},"ai":{"generator":"websitePlanner","baseTemplateId":"undefined","blockId":"undefined","requestIds":{"sessionId":"wp-session-3bda7ea2-b2ee-4ba8-84cb-3666e16a85ba","generateId":"wp-page-contact","batchId":"wp-section-contact-hero"}}},"elements":[],"isInner":false,"widgetType":"text-editor","elType":"widget"}],"isInner":true,"elType":"container"}],"isInner":false,"elType":"container"},{"id":"37c4097e","settings":{"flex_gap":{"size":24,"unit":"px","column":"24","row":"24","isLinked":true},"custom_height":{"unit":"px","size":701},"content_position":"middle","padding_tablet":{"unit":"px","top":"80","right":"16","bottom":"80","left":"16","isLinked":false},"padding_mobile":{"unit":"px","top":"48","right":"16","bottom":"48","left":"16","isLinked":false},"boxed_width":{"unit":"px","size":1280,"sizes":[]},"padding":{"unit":"px","top":"100","right":"24","bottom":"100","left":"24","isLinked":false},"flex_direction":"column","flex_justify_content":"center","flex_align_items":"flex-start","flex_gap_tablet":{"unit":"px","size":40,"sizes":[],"column":"40","row":"40","isLinked":true},"flex_gap_mobile":{"unit":"px","size":16,"sizes":[],"column":"16","row":"16","isLinked":true},"pa_condition_repeater":[],"premium_tooltip_text":"Hi, I'm a global tooltip.","premium_tooltip_position":"top,bottom","premium_parallax_layers_list":[],"premium_gradient_colors_repeater":[],"premium_kenburns_repeater":[],"premium_lottie_repeater":[],"premium_blob_repeater":[],"pa_cursor_ftext":"Premium Follow Text","pa_badge_text":"New","ai":{"generator":"websitePlanner","baseTemplateId":"undefined","blockId":"undefined","requestIds":{"sessionId":"wp-session-3bda7ea2-b2ee-4ba8-84cb-3666e16a85ba","generateId":"wp-page-contact","batchId":"wp-section-contact-info"}},"_title":"Contact et Localisation"},"elements":[{"id":"12984c3e","settings":{"title":"Votre sant\u00e9, notre priorit\u00e9","title_color":"#2E2E2E","typography_font_size":{"unit":"px","size":18,"sizes":[]},"typography_font_weight":"500","typography_font_size_tablet":{"unit":"px","size":18,"sizes":[]},"typography_font_size_mobile":{"unit":"px","size":16,"sizes":[]},"typography_text_transform":"none","typography_font_style":"normal","typography_text_decoration":"none","typography_line_height":{"unit":"custom","size":"140%","sizes":[]},"typography_line_height_tablet":{"unit":"px","size":"","sizes":[]},"typography_line_height_mobile":{"unit":"px","size":"","sizes":[]},"typography_letter_spacing":{"unit":"px","size":0,"sizes":[]},"typography_word_spacing":{"unit":"em","size":"","sizes":[]},"pa_condition_repeater":[],"premium_tooltip_text":"Hi, I'm a global tooltip.","premium_tooltip_position":"top,bottom","pa_cursor_ftext":"Premium Follow Text","pa_badge_text":"New","premium_mscroll_repeater":[],"__globals__":{"typography_typography":"globals\/typography?id=heading-s"},"ai":{"generator":"websitePlanner","baseTemplateId":"undefined","blockId":"undefined","requestIds":{"sessionId":"wp-session-3bda7ea2-b2ee-4ba8-84cb-3666e16a85ba","generateId":"wp-page-contact","batchId":"wp-section-contact-info"}}},"elements":[],"isInner":false,"widgetType":"heading","elType":"widget"},{"id":"58286f08","settings":{"title":"O\u00f9 nous trouver","title_color":"#8D99AE","typography_font_size":{"unit":"px","size":48,"sizes":[]},"typography_font_weight":"600","typography_font_size_mobile":{"unit":"px","size":32,"sizes":[]},"typography_font_size_tablet":{"unit":"px","size":40,"sizes":[]},"typography_line_height":{"unit":"custom","size":"120%","sizes":[]},"typography_line_height_tablet":{"unit":"custom","size":"","sizes":[]},"typography_line_height_mobile":{"unit":"custom","size":"120%","sizes":[]},"typography_font_style":"normal","typography_text_decoration":"none","pa_condition_repeater":[],"premium_tooltip_text":"Hi, I'm a global tooltip.","premium_tooltip_position":"top,bottom","pa_cursor_ftext":"Premium Follow Text","pa_badge_text":"New","premium_mscroll_repeater":[],"__globals__":{"title_color":"","typography_typography":"globals\/typography?id=heading-l"},"ai":{"generator":"websitePlanner","baseTemplateId":"undefined","blockId":"undefined","requestIds":{"sessionId":"wp-session-3bda7ea2-b2ee-4ba8-84cb-3666e16a85ba","generateId":"wp-page-contact","batchId":"wp-section-contact-info"}}},"elements":[],"isInner":false,"widgetType":"heading","elType":"widget"},{"id":"197eb884","settings":{"editor":"<p>Nous sommes situ\u00e9s au c\u0153ur de la ville, facilement accessibles pour tous nos patients. N'h\u00e9sitez pas \u00e0 venir nous rendre visite.<\/p>","typography_font_size":{"unit":"px","size":16},"typography_font_size_mobile":{"unit":"px","size":16,"sizes":[]},"typography_font_weight":"400","_margin":{"unit":"px","top":"0","right":"0","bottom":"0","left":"0","isLinked":false},"text_color":"#2E2E2E","typography_line_height":{"unit":"custom","size":"1.5"},"typography_line_height_tablet":{"unit":"custom","size":"1.5","sizes":[]},"typography_line_height_mobile":{"unit":"custom","size":"","sizes":[]},"_padding":{"unit":"px","top":"0","right":"0","bottom":"24","left":"0","isLinked":false},"pa_condition_repeater":[],"premium_tooltip_text":"Hi, I'm a global tooltip.","premium_tooltip_position":"top,bottom","pa_cursor_ftext":"Premium Follow Text","pa_badge_text":"New","premium_mscroll_repeater":[],"ai":{"generator":"websitePlanner","baseTemplateId":"undefined","blockId":"undefined","requestIds":{"sessionId":"wp-session-3bda7ea2-b2ee-4ba8-84cb-3666e16a85ba","generateId":"wp-page-contact","batchId":"wp-section-contact-info"}},"__globals__":{"typography_typography":"globals\/typography?id=text"}},"elements":[],"isInner":false,"widgetType":"text-editor","elType":"widget"},{"id":"478cfcf4","settings":{"flex_direction":"row","flex_gap":{"unit":"px","size":80,"sizes":[],"row":"80","column":"80","isLinked":true},"flex_gap_mobile":{"unit":"px","size":80,"sizes":[],"column":"80","row":"80","isLinked":true},"margin":{"unit":"px","top":"0","right":"0","bottom":"0","left":"0","isLinked":false},"padding":{"unit":"px","top":"0","right":"0","bottom":"0","left":"0","isLinked":false},"boxed_width":{"unit":"px","size":1280,"sizes":[]},"pa_condition_repeater":[],"premium_tooltip_text":"Hi, I'm a global tooltip.","premium_tooltip_position":"top,bottom","premium_parallax_layers_list":[],"premium_gradient_colors_repeater":[],"premium_kenburns_repeater":[],"premium_lottie_repeater":[],"premium_blob_repeater":[],"pa_cursor_ftext":"Premium Follow Text","pa_badge_text":"New","ai":{"generator":"websitePlanner","baseTemplateId":"undefined","blockId":"undefined","requestIds":{"sessionId":"wp-session-3bda7ea2-b2ee-4ba8-84cb-3666e16a85ba","generateId":"wp-page-contact","batchId":"wp-section-contact-info"}}},"elements":[{"id":"52b8e144","settings":{"_column_size":100,"flex_gap":{"size":24,"unit":"px","column":"24","row":"24","isLinked":true},"content_width":"full","width":{"unit":"%","size":50,"sizes":[]},"width_tablet":{"unit":"%","size":60,"sizes":[]},"width_mobile":{"unit":"%","size":"","sizes":[]},"flex_gap_mobile":{"unit":"px","size":16,"sizes":[],"column":"16","row":"16","isLinked":true},"padding":{"unit":"px","top":"0","right":"0","bottom":"0","left":"0","isLinked":false},"pa_condition_repeater":[],"premium_tooltip_text":"Hi, I'm a global tooltip.","premium_tooltip_position":"top,bottom","premium_parallax_layers_list":[],"premium_gradient_colors_repeater":[],"premium_kenburns_repeater":[],"premium_lottie_repeater":[],"premium_blob_repeater":[],"pa_cursor_ftext":"Premium Follow Text","pa_badge_text":"New","ai":{"generator":"websitePlanner","baseTemplateId":"undefined","blockId":"undefined","requestIds":{"sessionId":"wp-session-3bda7ea2-b2ee-4ba8-84cb-3666e16a85ba","generateId":"wp-page-contact","batchId":"wp-section-contact-info"}}},"elements":[{"id":"365d02c","settings":{"address":"123 Rue de la Sant\u00e9, Paris, France","height":{"unit":"px","size":380,"sizes":[]},"pa_condition_repeater":[],"premium_tooltip_text":"Hi, I'm a global tooltip.","premium_tooltip_position":"top,bottom","pa_cursor_ftext":"Premium Follow Text","pa_badge_text":"New","premium_mscroll_repeater":[],"ai":{"generator":"websitePlanner","baseTemplateId":"undefined","blockId":"undefined","requestIds":{"sessionId":"wp-session-3bda7ea2-b2ee-4ba8-84cb-3666e16a85ba","generateId":"wp-page-contact","batchId":"wp-section-contact-info"}}},"elements":[],"isInner":false,"widgetType":"google_maps","elType":"widget"}],"isInner":true,"elType":"container"},{"id":"79d1629b","settings":{"_column_size":100,"flex_gap":{"size":24,"unit":"px","column":"24","row":"24","isLinked":true},"content_width":"full","width":{"unit":"%","size":50,"sizes":[]},"width_tablet":{"unit":"%","size":60,"sizes":[]},"width_mobile":{"unit":"%","size":"","sizes":[]},"flex_gap_mobile":{"unit":"px","size":16,"sizes":[],"column":"16","row":"16","isLinked":true},"padding":{"unit":"px","top":"0","right":"0","bottom":"0","left":"0","isLinked":false},"container_type":"grid","flex_direction":"column","grid_columns_grid":{"unit":"fr","size":2,"sizes":[]},"grid_gaps":{"unit":"px","top":"","right":"","bottom":"","left":"","isLinked":false,"column":"24","row":"24"},"grid_gaps_tablet":{"unit":"px","top":"","right":"","bottom":"","left":"","isLinked":false,"column":"16","row":"16"},"grid_gaps_mobile":{"unit":"px","top":"","right":"","bottom":"","left":"","isLinked":false,"column":"24","row":"24"},"_title":"Right Grid","pa_condition_repeater":[],"premium_tooltip_text":"Hi, I'm a global tooltip.","premium_tooltip_position":"top,bottom","premium_parallax_layers_list":[],"premium_gradient_colors_repeater":[],"premium_kenburns_repeater":[],"premium_lottie_repeater":[],"premium_blob_repeater":[],"pa_cursor_ftext":"Premium Follow Text","pa_badge_text":"New","ai":{"generator":"websitePlanner","baseTemplateId":"undefined","blockId":"undefined","requestIds":{"sessionId":"wp-session-3bda7ea2-b2ee-4ba8-84cb-3666e16a85ba","generateId":"wp-page-contact","batchId":"wp-section-contact-info"}}},"elements":[{"id":"d76facd","settings":{"content_width":"full","boxed_width":{"unit":"%","size":"","sizes":[]},"boxed_width_tablet":{"unit":"%","size":"","sizes":[]},"boxed_width_mobile":{"unit":"%","size":"","sizes":[]},"flex_justify_content":"flex-start","flex_align_items":"flex-start","flex_gap":{"unit":"px","size":16,"sizes":[],"column":"16","row":"16","isLinked":true},"padding":{"unit":"px","top":"0","right":"0","bottom":"0","left":"0","isLinked":false},"pa_condition_repeater":[],"premium_tooltip_text":"Hi, I'm a global tooltip.","premium_tooltip_position":"top,bottom","premium_parallax_layers_list":[],"premium_gradient_colors_repeater":[],"premium_kenburns_repeater":[],"premium_lottie_repeater":[],"premium_blob_repeater":[],"pa_cursor_ftext":"Premium Follow Text","pa_badge_text":"New","ai":{"generator":"websitePlanner","baseTemplateId":"undefined","blockId":"undefined","requestIds":{"sessionId":"wp-session-3bda7ea2-b2ee-4ba8-84cb-3666e16a85ba","generateId":"wp-page-contact","batchId":"wp-section-contact-info"}}},"elements":[{"id":"8af0009","settings":{"selected_icon":{"value":"fas fa-envelope","library":"fa-solid"},"title_text":"Email","description_text":"Contactez-nous \u00e0 l'adresse suivante : ","primary_color":"#8D99AE","icon_space":{"unit":"px","size":0,"sizes":[]},"icon_size":{"unit":"px","size":32,"sizes":[]},"icon_size_tablet":{"unit":"px","size":28,"sizes":[]},"text_align":"left","title_bottom_space":{"unit":"px","size":8,"sizes":[]},"title_color":"#8D99AE","title_typography_typography":"custom","title_typography_font_family":"Poppins","title_typography_font_size":{"unit":"px","size":20,"sizes":[]},"title_typography_font_weight":"700","title_typography_line_height":{"unit":"custom","size":"140%","sizes":[]},"title_typography_line_height_tablet":{"unit":"custom","size":"","sizes":[]},"title_typography_line_height_mobile":{"unit":"custom","size":"","sizes":[]},"description_color":"#2E2E2E","description_typography_font_size":{"unit":"px","size":16,"sizes":[]},"description_typography_font_weight":"400","description_typography_line_height":{"unit":"custom","size":"150%","sizes":[]},"description_typography_line_height_tablet":{"unit":"custom","size":"","sizes":[]},"description_typography_line_height_mobile":{"unit":"custom","size":"","sizes":[]},"pa_condition_repeater":[],"premium_tooltip_text":"Hi, I'm a global tooltip.","premium_tooltip_position":"top,bottom","pa_cursor_ftext":"Premium Follow Text","pa_badge_text":"New","premium_mscroll_repeater":[],"__globals__":{"primary_color":"","description_typography_typography":"globals\/typography?id=text"},"ai":{"generator":"websitePlanner","baseTemplateId":"undefined","blockId":"undefined","requestIds":{"sessionId":"wp-session-3bda7ea2-b2ee-4ba8-84cb-3666e16a85ba","generateId":"wp-page-contact","batchId":"wp-section-contact-info"}}},"elements":[],"isInner":false,"widgetType":"icon-box","elType":"widget"},{"id":"4c61f6c6","settings":{"text":"contact@affass.fr","_margin":{"unit":"px","top":"0","right":"0","bottom":"0","left":"0","isLinked":false},"_element_width":"auto","button_text_color":"#8D99AE","border_width":{"unit":"px","top":"1","right":"1","bottom":"1","left":"1","isLinked":"1"},"border_color":"#8D99AE","text_padding":{"unit":"px","top":"0","right":"0","bottom":"0","left":"0","isLinked":""},"__globals__":{"button_text_color":"","hover_color":"","button_background_hover_color":"","button_hover_border_color":"","border_color":"","background_color":"globals\/colors?id=transparent","typography_typography":"globals\/typography?id=text"},"text_padding_mobile":{"unit":"px","top":"0","right":"0","bottom":"0","left":"0","isLinked":""},"_margin_mobile":{"unit":"px","top":"0","right":"0","bottom":"0","left":"0","isLinked":""},"typography_font_size":{"unit":"px","size":16,"sizes":[]},"typography_font_weight":"400","typography_text_transform":"capitalize","typography_font_style":"normal","typography_text_decoration":"none","typography_line_height":{"unit":"custom","size":"150%","sizes":[]},"typography_font_size_mobile":{"unit":"px","size":15,"sizes":[]},"_margin_tablet":{"unit":"px","top":"0","right":"0","bottom":"0","left":"0","isLinked":false},"_element_custom_width":{"unit":"%","size":15,"sizes":[]},"icon_indent":{"unit":"px","size":14,"sizes":[]},"typography_font_size_tablet":{"unit":"px","size":14,"sizes":[]},"typography_line_height_tablet":{"unit":"px","size":"","sizes":[]},"typography_line_height_mobile":{"unit":"px","size":"","sizes":[]},"icon_align":"right","button_background_hover_background":"","align":"left","pa_condition_repeater":[],"premium_tooltip_text":"Hi, I'm a global tooltip.","premium_tooltip_position":"top,bottom","pa_cursor_ftext":"Premium Follow Text","pa_badge_text":"New","premium_mscroll_repeater":[],"ai":{"generator":"websitePlanner","baseTemplateId":"undefined","blockId":"undefined","requestIds":{"sessionId":"wp-session-3bda7ea2-b2ee-4ba8-84cb-3666e16a85ba","generateId":"wp-page-contact","batchId":"wp-section-contact-info"}}},"elements":[],"isInner":false,"widgetType":"button","elType":"widget"}],"isInner":true,"elType":"container"},{"id":"34e0abbc","settings":{"content_width":"full","boxed_width":{"unit":"%","size":"","sizes":[]},"boxed_width_tablet":{"unit":"%","size":"","sizes":[]},"boxed_width_mobile":{"unit":"%","size":"","sizes":[]},"flex_justify_content":"flex-start","flex_align_items":"flex-start","flex_gap":{"unit":"px","size":16,"sizes":[],"column":"16","row":"16","isLinked":true},"padding":{"unit":"px","top":"0","right":"0","bottom":"0","left":"0","isLinked":false},"pa_condition_repeater":[],"premium_tooltip_text":"Hi, I'm a global tooltip.","premium_tooltip_position":"top,bottom","premium_parallax_layers_list":[],"premium_gradient_colors_repeater":[],"premium_kenburns_repeater":[],"premium_lottie_repeater":[],"premium_blob_repeater":[],"pa_cursor_ftext":"Premium Follow Text","pa_badge_text":"New","ai":{"generator":"websitePlanner","baseTemplateId":"undefined","blockId":"undefined","requestIds":{"sessionId":"wp-session-3bda7ea2-b2ee-4ba8-84cb-3666e16a85ba","generateId":"wp-page-contact","batchId":"wp-section-contact-info"}}},"elements":[{"id":"73850279","settings":{"selected_icon":{"value":"fas fa-phone-alt","library":"fa-solid"},"title_text":"T\u00e9l\u00e9phone","description_text":"Pour toute question, appelez-nous au num\u00e9ro :","primary_color":"#8D99AE","icon_space":{"unit":"px","size":0,"sizes":[]},"icon_size":{"unit":"px","size":32,"sizes":[]},"icon_size_tablet":{"unit":"px","size":28,"sizes":[]},"text_align":"left","title_bottom_space":{"unit":"px","size":8,"sizes":[]},"title_color":"#8D99AE","title_typography_typography":"custom","title_typography_font_family":"Poppins","title_typography_font_size":{"unit":"px","size":20,"sizes":[]},"title_typography_font_weight":"700","title_typography_line_height":{"unit":"custom","size":"140%","sizes":[]},"title_typography_line_height_tablet":{"unit":"custom","size":"","sizes":[]},"title_typography_line_height_mobile":{"unit":"custom","size":"","sizes":[]},"description_color":"#2E2E2E","description_typography_font_size":{"unit":"px","size":16,"sizes":[]},"description_typography_font_weight":"400","description_typography_line_height":{"unit":"custom","size":"150%","sizes":[]},"description_typography_line_height_tablet":{"unit":"custom","size":"","sizes":[]},"description_typography_line_height_mobile":{"unit":"custom","size":"","sizes":[]},"pa_condition_repeater":[],"premium_tooltip_text":"Hi, I'm a global tooltip.","premium_tooltip_position":"top,bottom","pa_cursor_ftext":"Premium Follow Text","pa_badge_text":"New","premium_mscroll_repeater":[],"__globals__":{"primary_color":"","description_typography_typography":"globals\/typography?id=text"},"ai":{"generator":"websitePlanner","baseTemplateId":"undefined","blockId":"undefined","requestIds":{"sessionId":"wp-session-3bda7ea2-b2ee-4ba8-84cb-3666e16a85ba","generateId":"wp-page-contact","batchId":"wp-section-contact-info"}}},"elements":[],"isInner":false,"widgetType":"icon-box","elType":"widget"},{"id":"4516611d","settings":{"text":"+33 1 23 45 67 89","_margin":{"unit":"px","top":"0","right":"0","bottom":"0","left":"0","isLinked":false},"_element_width":"auto","button_text_color":"#8D99AE","border_width":{"unit":"px","top":"1","right":"1","bottom":"1","left":"1","isLinked":"1"},"border_color":"#8D99AE","text_padding":{"unit":"px","top":"0","right":"0","bottom":"0","left":"0","isLinked":""},"__globals__":{"button_text_color":"","hover_color":"","button_background_hover_color":"","button_hover_border_color":"","border_color":"","background_color":"globals\/colors?id=transparent","typography_typography":"globals\/typography?id=text"},"text_padding_mobile":{"unit":"px","top":"0","right":"0","bottom":"0","left":"0","isLinked":""},"_margin_mobile":{"unit":"px","top":"0","right":"0","bottom":"0","left":"0","isLinked":""},"typography_font_size":{"unit":"px","size":16,"sizes":[]},"typography_font_weight":"400","typography_text_transform":"capitalize","typography_font_style":"normal","typography_text_decoration":"none","typography_line_height":{"unit":"custom","size":"150%","sizes":[]},"typography_font_size_mobile":{"unit":"px","size":15,"sizes":[]},"_margin_tablet":{"unit":"px","top":"0","right":"0","bottom":"0","left":"0","isLinked":false},"_element_custom_width":{"unit":"%","size":15,"sizes":[]},"icon_indent":{"unit":"px","size":14,"sizes":[]},"typography_font_size_tablet":{"unit":"px","size":14,"sizes":[]},"typography_line_height_tablet":{"unit":"px","size":"","sizes":[]},"typography_line_height_mobile":{"unit":"px","size":"","sizes":[]},"icon_align":"right","button_background_hover_background":"","align":"left","pa_condition_repeater":[],"premium_tooltip_text":"Hi, I'm a global tooltip.","premium_tooltip_position":"top,bottom","pa_cursor_ftext":"Premium Follow Text","pa_badge_text":"New","premium_mscroll_repeater":[],"ai":{"generator":"websitePlanner","baseTemplateId":"undefined","blockId":"undefined","requestIds":{"sessionId":"wp-session-3bda7ea2-b2ee-4ba8-84cb-3666e16a85ba","generateId":"wp-page-contact","batchId":"wp-section-contact-info"}}},"elements":[],"isInner":false,"widgetType":"button","elType":"widget"}],"isInner":true,"elType":"container"},{"id":"79b99337","settings":{"content_width":"full","boxed_width":{"unit":"%","size":"","sizes":[]},"boxed_width_tablet":{"unit":"%","size":"","sizes":[]},"boxed_width_mobile":{"unit":"%","size":"","sizes":[]},"flex_justify_content":"flex-start","flex_align_items":"flex-start","flex_gap":{"unit":"px","size":16,"sizes":[],"column":"16","row":"16","isLinked":true},"padding":{"unit":"px","top":"0","right":"0","bottom":"0","left":"0","isLinked":false},"pa_condition_repeater":[],"premium_tooltip_text":"Hi, I'm a global tooltip.","premium_tooltip_position":"top,bottom","premium_parallax_layers_list":[],"premium_gradient_colors_repeater":[],"premium_kenburns_repeater":[],"premium_lottie_repeater":[],"premium_blob_repeater":[],"pa_cursor_ftext":"Premium Follow Text","pa_badge_text":"New","ai":{"generator":"websitePlanner","baseTemplateId":"undefined","blockId":"undefined","requestIds":{"sessionId":"wp-session-3bda7ea2-b2ee-4ba8-84cb-3666e16a85ba","generateId":"wp-page-contact","batchId":"wp-section-contact-info"}}},"elements":[{"id":"667ba9f0","settings":{"selected_icon":{"value":"fas fa-map-marker-alt","library":"fa-solid"},"title_text":"Bureau","description_text":"123 Rue de la Sant\u00e9, Paris, France","primary_color":"#8D99AE","icon_space":{"unit":"px","size":0,"sizes":[]},"icon_size":{"unit":"px","size":32,"sizes":[]},"icon_size_tablet":{"unit":"px","size":28,"sizes":[]},"text_align":"left","title_bottom_space":{"unit":"px","size":8,"sizes":[]},"title_color":"#8D99AE","title_typography_typography":"custom","title_typography_font_family":"Poppins","title_typography_font_size":{"unit":"px","size":20,"sizes":[]},"title_typography_font_weight":"700","title_typography_line_height":{"unit":"custom","size":"140%","sizes":[]},"title_typography_line_height_tablet":{"unit":"custom","size":"","sizes":[]},"title_typography_line_height_mobile":{"unit":"custom","size":"","sizes":[]},"description_color":"#2E2E2E","description_typography_font_size":{"unit":"px","size":16,"sizes":[]},"description_typography_font_weight":"400","description_typography_line_height":{"unit":"custom","size":"150%","sizes":[]},"description_typography_line_height_tablet":{"unit":"custom","size":"","sizes":[]},"description_typography_line_height_mobile":{"unit":"custom","size":"","sizes":[]},"pa_condition_repeater":[],"premium_tooltip_text":"Hi, I'm a global tooltip.","premium_tooltip_position":"top,bottom","pa_cursor_ftext":"Premium Follow Text","pa_badge_text":"New","premium_mscroll_repeater":[],"__globals__":{"primary_color":"","description_typography_typography":"globals\/typography?id=text"},"ai":{"generator":"websitePlanner","baseTemplateId":"undefined","blockId":"undefined","requestIds":{"sessionId":"wp-session-3bda7ea2-b2ee-4ba8-84cb-3666e16a85ba","generateId":"wp-page-contact","batchId":"wp-section-contact-info"}}},"elements":[],"isInner":false,"widgetType":"icon-box","elType":"widget"},{"id":"67dea50b","settings":{"text":"Obtenir l'itin\u00e9raire","_margin":{"unit":"px","top":"0","right":"0","bottom":"0","left":"0","isLinked":false},"_element_width":"auto","button_text_color":"#8D99AE","border_width":{"unit":"px","top":"1","right":"1","bottom":"1","left":"1","isLinked":"1"},"border_color":"#8D99AE","text_padding":{"unit":"px","top":"0","right":"0","bottom":"0","left":"0","isLinked":""},"__globals__":{"button_text_color":"","hover_color":"","button_background_hover_color":"","button_hover_border_color":"","border_color":"","background_color":"globals\/colors?id=transparent","typography_typography":"globals\/typography?id=text"},"text_padding_mobile":{"unit":"px","top":"0","right":"0","bottom":"0","left":"0","isLinked":""},"_margin_mobile":{"unit":"px","top":"0","right":"0","bottom":"0","left":"0","isLinked":""},"typography_font_size":{"unit":"px","size":16,"sizes":[]},"typography_font_weight":"400","typography_text_transform":"capitalize","typography_font_style":"normal","typography_text_decoration":"none","typography_line_height":{"unit":"custom","size":"150%","sizes":[]},"typography_font_size_mobile":{"unit":"px","size":15,"sizes":[]},"_margin_tablet":{"unit":"px","top":"0","right":"0","bottom":"0","left":"0","isLinked":false},"_element_custom_width":{"unit":"%","size":15,"sizes":[]},"icon_indent":{"unit":"px","size":14,"sizes":[]},"typography_font_size_tablet":{"unit":"px","size":14,"sizes":[]},"typography_line_height_tablet":{"unit":"px","size":"","sizes":[]},"typography_line_height_mobile":{"unit":"px","size":"","sizes":[]},"selected_icon":{"value":"fas fa-chevron-right","library":"fa-solid"},"icon_align":"right","button_background_hover_background":"","align":"left","pa_condition_repeater":[],"premium_tooltip_text":"Hi, I'm a global tooltip.","premium_tooltip_position":"top,bottom","pa_cursor_ftext":"Premium Follow Text","pa_badge_text":"New","premium_mscroll_repeater":[],"ai":{"generator":"websitePlanner","baseTemplateId":"undefined","blockId":"undefined","requestIds":{"sessionId":"wp-session-3bda7ea2-b2ee-4ba8-84cb-3666e16a85ba","generateId":"wp-page-contact","batchId":"wp-section-contact-info"}}},"elements":[],"isInner":false,"widgetType":"button","elType":"widget"}],"isInner":true,"elType":"container"},{"id":"413603b3","settings":{"content_width":"full","boxed_width":{"unit":"%","size":"","sizes":[]},"boxed_width_tablet":{"unit":"%","size":"","sizes":[]},"boxed_width_mobile":{"unit":"%","size":"","sizes":[]},"flex_justify_content":"flex-start","flex_align_items":"flex-start","flex_gap":{"unit":"px","size":16,"sizes":[],"column":"16","row":"16","isLinked":true},"padding":{"unit":"px","top":"0","right":"0","bottom":"0","left":"0","isLinked":false},"pa_condition_repeater":[],"premium_tooltip_text":"Hi, I'm a global tooltip.","premium_tooltip_position":"top,bottom","premium_parallax_layers_list":[],"premium_gradient_colors_repeater":[],"premium_kenburns_repeater":[],"premium_lottie_repeater":[],"premium_blob_repeater":[],"pa_cursor_ftext":"Premium Follow Text","pa_badge_text":"New","ai":{"generator":"websitePlanner","baseTemplateId":"undefined","blockId":"undefined","requestIds":{"sessionId":"wp-session-3bda7ea2-b2ee-4ba8-84cb-3666e16a85ba","generateId":"wp-page-contact","batchId":"wp-section-contact-info"}}},"elements":[{"id":"4887c95f","settings":{"title_text":"Suivez-nous","description_text":"Suivez nos actualit\u00e9s et conseils sur nos r\u00e9seaux.","primary_color":"#8D99AE","icon_space":{"unit":"px","size":0,"sizes":[]},"icon_size":{"unit":"px","size":32,"sizes":[]},"icon_size_tablet":{"unit":"px","size":28,"sizes":[]},"text_align":"left","title_bottom_space":{"unit":"px","size":8,"sizes":[]},"title_color":"#8D99AE","title_typography_typography":"custom","title_typography_font_family":"Poppins","title_typography_font_size":{"unit":"px","size":20,"sizes":[]},"title_typography_font_weight":"700","title_typography_line_height":{"unit":"custom","size":"140%","sizes":[]},"title_typography_line_height_tablet":{"unit":"custom","size":"","sizes":[]},"title_typography_line_height_mobile":{"unit":"custom","size":"","sizes":[]},"description_color":"#2E2E2E","description_typography_font_size":{"unit":"px","size":16,"sizes":[]},"description_typography_font_weight":"400","description_typography_line_height":{"unit":"custom","size":"150%","sizes":[]},"description_typography_line_height_tablet":{"unit":"custom","size":"","sizes":[]},"description_typography_line_height_mobile":{"unit":"custom","size":"","sizes":[]},"pa_condition_repeater":[],"premium_tooltip_text":"Hi, I'm a global tooltip.","premium_tooltip_position":"top,bottom","pa_cursor_ftext":"Premium Follow Text","pa_badge_text":"New","premium_mscroll_repeater":[],"__globals__":{"primary_color":"","description_typography_typography":"globals\/typography?id=text"},"ai":{"generator":"websitePlanner","baseTemplateId":"undefined","blockId":"undefined","requestIds":{"sessionId":"wp-session-3bda7ea2-b2ee-4ba8-84cb-3666e16a85ba","generateId":"wp-page-contact","batchId":"wp-section-contact-info"}}},"elements":[],"isInner":false,"widgetType":"icon-box","elType":"widget"},{"id":"458ed407","settings":{"social_icon_list":[{"social_icon":{"value":"fab fa-facebook-f","library":"fa-brands"},"_id":"3f1b7ac","link":{"url":"#","is_external":"true","nofollow":"","custom_attributes":""}},{"social_icon":{"value":"fab fa-twitter","library":"fa-brands"},"_id":"828f132","link":{"url":"#","is_external":"true","nofollow":"","custom_attributes":""}}],"align":"","icon_color":"custom","icon_size":{"size":20,"unit":"px","sizes":[]},"icon_padding":{"size":2,"unit":"px","sizes":[]},"icon_spacing":{"size":16,"unit":"px","sizes":[]},"__globals__":{"hover_secondary_color":"","icon_secondary_color":"","icon_primary_color":"globals\/colors?id=transparent"},"icon_secondary_color":"#8D99AE","hover_secondary_color":"#D90429","pa_condition_repeater":[],"premium_tooltip_text":"Hi, I'm a global tooltip.","premium_tooltip_position":"top,bottom","pa_cursor_ftext":"Premium Follow Text","pa_badge_text":"New","premium_mscroll_repeater":[],"columns_mobile":"3","icon_padding_tablet":{"unit":"px","size":"","sizes":[]},"icon_padding_mobile":{"unit":"px","size":"","sizes":[]},"border_radius":{"top":"0","left":"0","unit":"px","right":"0","bottom":"0","isLinked":false},"_element_width":"initial","_flex_order_mobile":"custom","_flex_order_custom_mobile":3,"ai":{"generator":"websitePlanner","baseTemplateId":"undefined","blockId":"undefined","requestIds":{"sessionId":"wp-session-3bda7ea2-b2ee-4ba8-84cb-3666e16a85ba","generateId":"wp-page-contact","batchId":"wp-section-contact-info"}}},"elements":[],"isInner":false,"widgetType":"social-icons","elType":"widget"}],"isInner":true,"elType":"container"}],"isInner":true,"elType":"container"}],"isInner":true,"elType":"container"}],"isInner":false,"elType":"container"},{"id":"71295fb4","settings":{"flex_gap":{"size":0,"unit":"px","column":"0","row":"0","isLinked":true},"custom_height":{"unit":"px","size":701},"content_position":"middle","padding_tablet":{"unit":"px","top":"80","right":"16","bottom":"80","left":"16","isLinked":false},"padding_mobile":{"unit":"px","top":"48","right":"16","bottom":"48","left":"16","isLinked":false},"boxed_width":{"unit":"px","size":600,"sizes":[]},"padding":{"unit":"px","top":"100","right":"24","bottom":"100","left":"24","isLinked":false},"flex_direction":"column","flex_align_items":"center","flex_justify_content":"center","ai":{"generator":"websitePlanner","baseTemplateId":"undefined","blockId":"undefined","requestIds":{"sessionId":"wp-session-3bda7ea2-b2ee-4ba8-84cb-3666e16a85ba","generateId":"wp-page-contact","batchId":"wp-section-contact-form"}},"_title":"Contact"},"elements":[{"id":"4a96a889","settings":{"_column_size":100,"flex_gap":{"size":24,"unit":"px","column":"24","row":"24","isLinked":true},"content_width":"full","flex_gap_mobile":{"unit":"px","size":16,"sizes":[],"column":"16","row":"16","isLinked":true},"padding":{"unit":"px","top":"0","right":"0","bottom":"0","left":"0","isLinked":false},"ai":{"generator":"websitePlanner","baseTemplateId":"undefined","blockId":"undefined","requestIds":{"sessionId":"wp-session-3bda7ea2-b2ee-4ba8-84cb-3666e16a85ba","generateId":"wp-page-contact","batchId":"wp-section-contact-form"}}},"elements":[{"id":"33339f58","settings":{"title":"N'h\u00e9sitez pas \u00e0 nous contacter","align":"center","title_color":"#2E2E2E","typography_font_size":{"unit":"px","size":18,"sizes":[]},"typography_font_weight":"500","align_mobile":"left","typography_font_size_tablet":{"unit":"px","size":18,"sizes":[]},"typography_font_size_mobile":{"unit":"px","size":16,"sizes":[]},"typography_text_transform":"none","typography_font_style":"normal","typography_text_decoration":"none","typography_line_height":{"unit":"custom","size":"140%","sizes":[]},"typography_line_height_tablet":{"unit":"px","size":"","sizes":[]},"typography_line_height_mobile":{"unit":"px","size":"","sizes":[]},"typography_letter_spacing":{"unit":"px","size":0,"sizes":[]},"typography_word_spacing":{"unit":"em","size":"","sizes":[]},"__globals__":{"typography_typography":"globals\/typography?id=heading-s"},"ai":{"generator":"websitePlanner","baseTemplateId":"undefined","blockId":"undefined","requestIds":{"sessionId":"wp-session-3bda7ea2-b2ee-4ba8-84cb-3666e16a85ba","generateId":"wp-page-contact","batchId":"wp-section-contact-form"}}},"elements":[],"isInner":false,"widgetType":"heading","elType":"widget"},{"id":"1e64a7bb","settings":{"title":"Nous Contacter","title_color":"#8D99AE","typography_font_size":{"unit":"px","size":56},"typography_font_weight":"600","align":"center","align_mobile":"left","typography_font_size_mobile":{"unit":"px","size":32},"typography_font_size_tablet":{"unit":"px","size":40},"typography_line_height":{"unit":"custom","size":"1.2","sizes":[]},"typography_line_height_tablet":{"unit":"custom","size":" "},"typography_line_height_mobile":{"unit":"custom","size":"","sizes":[]},"ai":{"generator":"websitePlanner","baseTemplateId":"undefined","blockId":"undefined","requestIds":{"sessionId":"wp-session-3bda7ea2-b2ee-4ba8-84cb-3666e16a85ba","generateId":"wp-page-contact","batchId":"wp-section-contact-form"}},"__globals__":{"typography_typography":"globals\/typography?id=heading-xl"}},"elements":[],"isInner":false,"widgetType":"heading","elType":"widget"},{"id":"65e5d886","settings":{"editor":"<p>Nous sommes \u00e0 votre \u00e9coute pour toute question ou prise de rendez-vous. Remplissez le formulaire ci-dessous et nous vous r\u00e9pondrons rapidement.<\/p>","align":"center","typography_font_size":{"unit":"px","size":16},"typography_font_size_mobile":{"unit":"px","size":16,"sizes":[]},"typography_font_weight":"400","_margin":{"unit":"px","top":"0","right":"0","bottom":"0","left":"0","isLinked":false},"align_mobile":"left","text_color":"#2E2E2E","typography_line_height":{"unit":"custom","size":"1.5"},"typography_line_height_tablet":{"unit":"custom","size":"1.5","sizes":[]},"typography_line_height_mobile":{"unit":"custom","size":"","sizes":[]},"ai":{"generator":"websitePlanner","baseTemplateId":"undefined","blockId":"undefined","requestIds":{"sessionId":"wp-session-3bda7ea2-b2ee-4ba8-84cb-3666e16a85ba","generateId":"wp-page-contact","batchId":"wp-section-contact-form"}},"__globals__":{"typography_typography":"globals\/typography?id=text"}},"elements":[],"isInner":false,"widgetType":"text-editor","elType":"widget"},{"id":"573d2579","settings":{"form_name":"Formulaire de contact","form_fields":[{"custom_id":"nom","field_label":"Votre nom","dynamic":{"active":true},"_id":"a5ab6bb","previous_button":"","next_button":"","file_sizes":"","file_types":"","allow_multiple_upload":"","max_files":"","acceptance_text":"","checked_by_default":"","field_min":"","field_max":"","min_date":"","max_date":"","use_native_date":"","use_native_time":""},{"custom_id":"email","field_type":"email","required":"true","field_label":"Votre email","_id":"06dbcc9","previous_button":"","next_button":"","file_sizes":"","file_types":"","allow_multiple_upload":"","max_files":"","acceptance_text":"","checked_by_default":"","field_min":"","field_max":"","min_date":"","max_date":"","use_native_date":"","use_native_time":""},{"custom_id":"message","field_type":"textarea","field_label":"Votre message","placeholder":"\u00c9crivez votre message ici...","_id":"90cbc66","previous_button":"","next_button":"","file_sizes":"","file_types":"","allow_multiple_upload":"","max_files":"","acceptance_text":"","checked_by_default":"","field_min":"","field_max":"","min_date":"","max_date":"","use_native_date":"","use_native_time":""}],"step_next_label":"Suivant","step_previous_label":"Pr\u00e9c\u00e9dent","button_text":"Envoyer","email_content":"[tous-les-champs]","email_content_2":"[tous-les-champs]","success_message":"Votre message a \u00e9t\u00e9 envoy\u00e9 avec succ\u00e8s.","error_message":"Une erreur est survenue.","required_field_message":"Ce champ est requis.","invalid_message":"Il y a un probl\u00e8me. Le formulaire est invalide.","column_gap":{"unit":"px","size":24,"sizes":[]},"row_gap":{"unit":"px","size":24,"sizes":[]},"label_spacing":{"unit":"px","size":8,"sizes":[]},"label_typography_font_size":{"unit":"px","size":16,"sizes":[]},"label_typography_font_weight":"400","html_spacing":{"unit":"px","size":"","sizes":[]},"html_typography_font_weight":"400","field_text_color":"#8D99AE","field_typography_font_size":{"unit":"px","size":16,"sizes":[]},"field_typography_font_weight":"400","field_typography_line_height":{"unit":"custom","size":"190%","sizes":[]},"field_typography_line_height_tablet":{"unit":"custom","size":"","sizes":[]},"field_typography_line_height_mobile":{"unit":"custom","size":"","sizes":[]},"button_typography_font_size":{"unit":"px","size":16,"sizes":[]},"button_typography_font_weight":"400","button_background_color":"#D90429","previous_button_background_color":"#8D99AE","button_align":"center","server_message":"Votre soumission a \u00e9chou\u00e9 en raison d'une erreur serveur.","button_align_mobile":"start","submit_actions":["save-to-database","email"],"__dynamic__":[],"label_color":"#8D99AE","html_color":"#8D99AE","__globals__":{"label_color":"","html_color":"","button_background_color":"","html_typography_typography":"globals\/typography?id=text","steps_typography_typography":"globals\/typography?id=text","step_active_primary_color":"","step_completed_primary_color":"","message_typography_typography":"globals\/typography?id=text","field_border_color":"","field_background_color":"globals\/colors?id=background","label_typography_typography":"globals\/typography?id=text","field_typography_typography":"globals\/typography?id=text","button_typography_typography":"globals\/typography?id=text"},"html_typography_font_size":{"unit":"px","size":16,"sizes":[]},"html_typography_font_size_tablet":{"unit":"px","size":14,"sizes":[]},"html_typography_text_transform":"none","html_typography_font_style":"normal","html_typography_text_decoration":"none","html_typography_line_height":{"unit":"em","size":1.5,"sizes":[]},"html_typography_letter_spacing":{"unit":"px","size":0,"sizes":[]},"html_typography_word_spacing":{"unit":"em","size":"","sizes":[]},"field_border_color":"#2B2D42","message_typography_font_size":{"unit":"px","size":16,"sizes":[]},"message_typography_font_size_tablet":{"unit":"px","size":14,"sizes":[]},"message_typography_font_weight":"400","message_typography_text_transform":"none","message_typography_font_style":"normal","message_typography_text_decoration":"none","message_typography_line_height":{"unit":"em","size":1.5,"sizes":[]},"message_typography_letter_spacing":{"unit":"px","size":0,"sizes":[]},"steps_typography_font_size":{"unit":"px","size":16,"sizes":[]},"steps_typography_font_size_tablet":{"unit":"px","size":14,"sizes":[]},"steps_typography_font_weight":"400","steps_typography_text_transform":"none","steps_typography_font_style":"normal","steps_typography_text_decoration":"none","steps_typography_line_height":{"unit":"em","size":1.5,"sizes":[]},"steps_typography_letter_spacing":{"unit":"px","size":0,"sizes":[]},"steps_typography_word_spacing":{"unit":"em","size":"","sizes":[]},"steps_gap":{"unit":"px","size":"","sizes":[]},"steps_padding":{"unit":"px","size":"","sizes":[]},"step_inactive_primary_color":"#101010","step_active_primary_color":"#2E2E2E","step_completed_primary_color":"#2E2E2E","step_divider_width":{"unit":"px","size":"","sizes":[]},"step_divider_gap":{"unit":"px","size":"","sizes":[]},"ai":{"generator":"websitePlanner","baseTemplateId":"undefined","blockId":"undefined","requestIds":{"sessionId":"wp-session-3bda7ea2-b2ee-4ba8-84cb-3666e16a85ba","generateId":"wp-page-contact","batchId":"wp-section-contact-form"}}},"elements":[],"isInner":false,"widgetType":"form","elType":"widget"}],"isInner":true,"elType":"container"}],"isInner":false,"elType":"container"},{"id":"61276e32","settings":{"padding":{"top":"112","left":"24","unit":"px","right":"24","bottom":"80","isLinked":false},"flex_gap":{"size":24,"unit":"px","sizes":[],"column":"24","row":"24","isLinked":true},"boxed_width":{"size":1280,"unit":"px","sizes":[]},"padding_mobile":{"top":"64","left":"16","unit":"px","right":"16","bottom":"64","isLinked":false},"padding_tablet":{"top":"80","left":"24","unit":"px","right":"24","bottom":"80","isLinked":false},"flex_gap_mobile":{"size":16,"unit":"px","sizes":[],"column":"16","row":"16","isLinked":true},"pa_condition_repeater":[],"premium_tooltip_text":"Hi, I'm a global tooltip.","premium_tooltip_position":"top,bottom","premium_parallax_layers_list":[],"premium_gradient_colors_repeater":[],"premium_kenburns_repeater":[],"premium_lottie_repeater":[],"premium_blob_repeater":[],"pa_cursor_ftext":"Premium Follow Text","pa_badge_text":"New","ai":{"generator":"websitePlanner","baseTemplateId":"undefined","blockId":"undefined","requestIds":{"sessionId":"wp-session-3bda7ea2-b2ee-4ba8-84cb-3666e16a85ba","generateId":"wp-page-contact","batchId":"wp-section-contact-map"}},"_title":"Galerie"},"elements":[{"id":"414a2870","settings":{"align":"center","title":"Galerie d'images","title_color":"#8D99AE","align_mobile":"center","typography_font_size":{"unit":"px","size":48,"sizes":[]},"typography_font_style":"normal","typography_font_weight":"600","typography_line_height":{"unit":"custom","size":"120%","sizes":[]},"typography_word_spacing":{"unit":"em","size":"","sizes":[]},"typography_text_decoration":"none","typography_font_size_mobile":{"unit":"px","size":32,"sizes":[]},"typography_font_size_tablet":{"unit":"px","size":40,"sizes":[]},"typography_line_height_mobile":{"unit":"custom","size":"120%","sizes":[]},"typography_line_height_tablet":{"unit":"custom","size":"","sizes":[]},"__globals__":{"title_color":"","typography_typography":"globals\/typography?id=heading-l"},"pa_condition_repeater":[],"premium_tooltip_text":"Hi, I'm a global tooltip.","premium_tooltip_position":"top,bottom","pa_cursor_ftext":"Premium Follow Text","pa_badge_text":"New","premium_mscroll_repeater":[],"ai":{"generator":"websitePlanner","baseTemplateId":"undefined","blockId":"undefined","requestIds":{"sessionId":"wp-session-3bda7ea2-b2ee-4ba8-84cb-3666e16a85ba","generateId":"wp-page-contact","batchId":"wp-section-contact-map"}}},"elements":[],"isInner":false,"widgetType":"heading","elType":"widget"},{"id":"5893dd6e","settings":{"align":"center","title":"D\u00e9couvrez nos installations et notre \u00e9quipe engag\u00e9e \u00e0 vos c\u00f4t\u00e9s.","_margin":{"top":"0","left":"0","unit":"px","right":"0","bottom":"0","isLinked":false},"_padding":{"top":"0","left":"0","unit":"px","right":"0","bottom":"0","isLinked":false},"header_size":"h5","title_color":"#2E2E2E","align_mobile":"center","_margin_tablet":{"top":"0","left":"0","unit":"px","right":"0","bottom":"0","isLinked":false},"_padding_mobile":{"top":"0","left":"0","unit":"px","right":"0","bottom":"0","isLinked":false},"_padding_tablet":{"top":"0","left":"0","unit":"px","right":"0","bottom":"0","isLinked":false},"typography_font_size":{"unit":"px","size":18,"sizes":[]},"typography_font_style":"normal","typography_font_weight":"500","typography_line_height":{"unit":"custom","size":"140%","sizes":[]},"typography_word_spacing":{"unit":"em","size":"","sizes":[]},"typography_letter_spacing":{"unit":"px","size":0,"sizes":[]},"typography_text_transform":"none","typography_text_decoration":"none","typography_font_size_mobile":{"unit":"px","size":16,"sizes":[]},"typography_font_size_tablet":{"unit":"px","size":18,"sizes":[]},"typography_line_height_mobile":{"unit":"px","size":"","sizes":[]},"typography_line_height_tablet":{"unit":"px","size":"","sizes":[]},"__globals__":{"title_color":"","typography_typography":"globals\/typography?id=heading-s"},"pa_condition_repeater":[],"premium_tooltip_text":"Hi, I'm a global tooltip.","premium_tooltip_position":"top,bottom","pa_cursor_ftext":"Premium Follow Text","pa_badge_text":"New","premium_mscroll_repeater":[],"ai":{"generator":"websitePlanner","baseTemplateId":"undefined","blockId":"undefined","requestIds":{"sessionId":"wp-session-3bda7ea2-b2ee-4ba8-84cb-3666e16a85ba","generateId":"wp-page-contact","batchId":"wp-section-contact-map"}}},"elements":[],"isInner":false,"widgetType":"heading","elType":"widget"}],"isInner":false,"elType":"container"},{"id":"237acee6","settings":{"margin":{"top":"0","left":"0","unit":"px","right":"0","bottom":"0","isLinked":false},"padding":{"top":"0","left":"0","unit":"px","right":"0","bottom":"112","isLinked":false},"overflow":"hidden","boxed_width":{"size":100,"unit":"%","sizes":[]},"margin_mobile":{"top":"0","left":"0","unit":"px","right":"0","bottom":"0","isLinked":false},"flex_direction":"column","padding_mobile":{"top":"0","left":"0","unit":"px","right":"0","bottom":"64","isLinked":false},"padding_tablet":{"top":"0","left":"0","unit":"px","right":"0","bottom":"112","isLinked":false},"boxed_width_mobile":{"size":"","unit":"%","sizes":[]},"boxed_width_tablet":{"size":"","unit":"%","sizes":[]},"pa_condition_repeater":[],"premium_tooltip_text":"Hi, I'm a global tooltip.","premium_tooltip_position":"top,bottom","premium_parallax_layers_list":[],"premium_gradient_colors_repeater":[],"premium_kenburns_repeater":[],"premium_lottie_repeater":[],"premium_blob_repeater":[],"pa_cursor_ftext":"Premium Follow Text","pa_badge_text":"New","ai":{"generator":"websitePlanner","baseTemplateId":"undefined","blockId":"undefined","requestIds":{"sessionId":"wp-session-3bda7ea2-b2ee-4ba8-84cb-3666e16a85ba","generateId":"wp-page-contact","batchId":"wp-section-contact-map"}}},"elements":[{"id":"591eca61","settings":{"_margin":{"top":"0","left":"0","unit":"px","right":"0","bottom":"0","isLinked":false},"_padding":{"top":"0","left":"0","unit":"px","right":"0","bottom":"0","isLinked":false},"autoplay":"","dots_size":{"size":8,"unit":"px","sizes":[]},"arrows_size":{"size":20,"unit":"px","sizes":[]},"border_radius":{"top":"0","left":"0","unit":"px","right":"0","bottom":"0","isLinked":false},"arrows_padding":{"top":"16","left":"16","unit":"px","right":"16","bottom":"16","isLinked":true},"carousel_items":[{"_id":"ae5dbe5","slide_title":"Notre cabinet"},{"_id":"26c3d57","slide_title":"\u00c9quipe professionnelle"},{"_id":"95c6fe7","slide_title":"T\u00e9moignages patients"}],"slides_to_show":"1","_padding_tablet":{"top":"0","left":"0","unit":"px","right":"0","bottom":"0","isLinked":true},"content_padding":{"top":"0","left":"0","unit":"px","right":"0","bottom":"0","isLinked":false},"dots_size_mobile":{"size":8,"unit":"px","sizes":[]},"slides_to_scroll":"1","arrow_hover_color":"#000000","dots_normal_color":"#8D99AE","arrow_normal_color":"#8D99AE","arrows_size_mobile":{"size":16,"unit":"px","sizes":[]},"arrows_size_tablet":{"size":20,"unit":"px","sizes":[]},"offset_width_mobile":{"size":0,"unit":"px","sizes":[]},"offset_width_tablet":{"size":50,"unit":"px","sizes":[]},"arrows_border_radius":{"top":"50","left":"50","unit":"%","right":"50","bottom":"50","isLinked":true},"dots_custom_position":"yes","dots_vertical_offset":{"size":-50,"unit":"px","sizes":[]},"image_spacing_custom":{"size":32,"unit":"px","sizes":[]},"arrows_padding_mobile":{"top":"16","left":"16","unit":"px","right":"16","bottom":"16","isLinked":true},"slides_to_show_tablet":"1","dots_horizontal_offset":{"size":"","unit":"px","sizes":[]},"arrows_border_radius_mobile":{"top":"","left":"","unit":"%","right":"","bottom":"","isLinked":true},"arrows_border_radius_tablet":{"top":"","left":"","unit":"%","right":"","bottom":"","isLinked":true},"dots_vertical_offset_mobile":{"size":25,"unit":"px","sizes":[]},"arrows_hover_border_type_color":"#8D99AE","arrows_hover_border_type_width":{"top":"1","left":"1","unit":"px","right":"1","bottom":"1","isLinked":true},"arrows_normal_background_color":"#EDF2F4","arrows_hover_border_type_border":"solid","arrows_normal_border_type_width":{"top":"1","left":"1","unit":"px","right":"1","bottom":"1","isLinked":true},"arrows_normal_border_type_border":"solid","arrows_hover_background_background":"classic","arrows_normal_background_background":"classic","navigation_next_icon_vertical_position":{"size":"","unit":"px","sizes":[]},"navigation_next_icon_horizontal_position":{"size":27,"unit":"px","sizes":[]},"navigation_previous_icon_vertical_position":{"size":"","unit":"px","sizes":[]},"navigation_previous_icon_horizontal_position":{"size":27,"unit":"px","sizes":[]},"navigation_next_icon_horizontal_position_mobile":{"size":10,"unit":"px","sizes":[]},"navigation_next_icon_horizontal_position_tablet":{"size":15,"unit":"px","sizes":[]},"navigation_previous_icon_horizontal_position_mobile":{"size":10,"unit":"px","sizes":[]},"navigation_previous_icon_horizontal_position_tablet":{"size":15,"unit":"px","sizes":[]},"__globals__":{"arrow_normal_color":"","arrows_normal_background_color":"","arrows_hover_border_type_color":"","dots_normal_color":"","arrows_hover_background_color":"globals\/colors?id=background"},"pa_condition_repeater":[],"premium_tooltip_text":"Hi, I'm a global tooltip.","premium_tooltip_position":"top,bottom","pa_cursor_ftext":"Premium Follow Text","pa_badge_text":"New","premium_mscroll_repeater":[],"ai":{"generator":"websitePlanner","baseTemplateId":"undefined","blockId":"undefined","requestIds":{"sessionId":"wp-session-3bda7ea2-b2ee-4ba8-84cb-3666e16a85ba","generateId":"wp-page-contact","batchId":"wp-section-contact-map"}}},"elements":[{"id":"6437c1a6","settings":{"_title":"Slide #1","margin":{"top":"0","left":"0","unit":"px","right":"0","bottom":"0","isLinked":false},"padding":{"top":"0","left":"0","unit":"px","right":"0","bottom":"0","isLinked":false},"boxed_width":{"size":100,"unit":"%","sizes":[]},"boxed_width_mobile":{"size":"","unit":"%","sizes":[]},"boxed_width_tablet":{"size":"","unit":"%","sizes":[]},"pa_condition_repeater":[],"premium_tooltip_text":"Hi, I'm a global tooltip.","premium_tooltip_position":"top,bottom","premium_parallax_layers_list":[],"premium_gradient_colors_repeater":[],"premium_kenburns_repeater":[],"premium_lottie_repeater":[],"premium_blob_repeater":[],"pa_cursor_ftext":"Premium Follow Text","pa_badge_text":"New","ai":{"generator":"websitePlanner","baseTemplateId":"undefined","blockId":"undefined","requestIds":{"sessionId":"wp-session-3bda7ea2-b2ee-4ba8-84cb-3666e16a85ba","generateId":"wp-page-contact","batchId":"wp-section-contact-map"}}},"elements":[{"id":"7c66f4e6","settings":{"image":{"id":"47871","url":false},"width":{"size":100,"unit":"%","sizes":[]},"image_size":"full","width_mobile":{"size":"","unit":"px","sizes":[]},"width_tablet":{"size":"","unit":"px","sizes":[]},"pa_condition_repeater":[],"premium_tooltip_text":"Hi, I'm a global tooltip.","premium_tooltip_position":"top,bottom","pa_cursor_ftext":"Premium Follow Text","pa_badge_text":"New","premium_mscroll_repeater":[],"ai":{"generator":"websitePlanner","baseTemplateId":"undefined","blockId":"undefined","requestIds":{"sessionId":"wp-session-3bda7ea2-b2ee-4ba8-84cb-3666e16a85ba","generateId":"wp-page-contact","batchId":"wp-section-contact-map"}}},"elements":[],"isInner":false,"widgetType":"image","elType":"widget"}],"isInner":true,"elType":"container","isLocked":true},{"id":"4c372b7a","settings":{"_title":"Slide #2","margin":{"top":"0","left":"0","unit":"px","right":"0","bottom":"0","isLinked":false},"padding":{"top":"0","left":"0","unit":"px","right":"0","bottom":"0","isLinked":false},"boxed_width":{"size":100,"unit":"%","sizes":[]},"boxed_width_mobile":{"size":"","unit":"%","sizes":[]},"boxed_width_tablet":{"size":"","unit":"%","sizes":[]},"pa_condition_repeater":[],"premium_tooltip_text":"Hi, I'm a global tooltip.","premium_tooltip_position":"top,bottom","premium_parallax_layers_list":[],"premium_gradient_colors_repeater":[],"premium_kenburns_repeater":[],"premium_lottie_repeater":[],"premium_blob_repeater":[],"pa_cursor_ftext":"Premium Follow Text","pa_badge_text":"New","ai":{"generator":"websitePlanner","baseTemplateId":"undefined","blockId":"undefined","requestIds":{"sessionId":"wp-session-3bda7ea2-b2ee-4ba8-84cb-3666e16a85ba","generateId":"wp-page-contact","batchId":"wp-section-contact-map"}}},"elements":[{"id":"7569b57f","settings":{"image":{"id":"47871","url":false},"width":{"size":100,"unit":"%","sizes":[]},"image_size":"full","width_mobile":{"size":"","unit":"px","sizes":[]},"width_tablet":{"size":"","unit":"px","sizes":[]},"pa_condition_repeater":[],"premium_tooltip_text":"Hi, I'm a global tooltip.","premium_tooltip_position":"top,bottom","pa_cursor_ftext":"Premium Follow Text","pa_badge_text":"New","premium_mscroll_repeater":[],"ai":{"generator":"websitePlanner","baseTemplateId":"undefined","blockId":"undefined","requestIds":{"sessionId":"wp-session-3bda7ea2-b2ee-4ba8-84cb-3666e16a85ba","generateId":"wp-page-contact","batchId":"wp-section-contact-map"}}},"elements":[],"isInner":false,"widgetType":"image","elType":"widget"}],"isInner":true,"elType":"container","isLocked":true},{"id":"7fc346bc","settings":{"_title":"Slide #3","margin":{"top":"0","left":"0","unit":"px","right":"0","bottom":"0","isLinked":false},"padding":{"top":"0","left":"0","unit":"px","right":"0","bottom":"0","isLinked":false},"boxed_width":{"size":100,"unit":"%","sizes":[]},"boxed_width_mobile":{"size":"","unit":"%","sizes":[]},"boxed_width_tablet":{"size":"","unit":"%","sizes":[]},"pa_condition_repeater":[],"premium_tooltip_text":"Hi, I'm a global tooltip.","premium_tooltip_position":"top,bottom","premium_parallax_layers_list":[],"premium_gradient_colors_repeater":[],"premium_kenburns_repeater":[],"premium_lottie_repeater":[],"premium_blob_repeater":[],"pa_cursor_ftext":"Premium Follow Text","pa_badge_text":"New","ai":{"generator":"websitePlanner","baseTemplateId":"undefined","blockId":"undefined","requestIds":{"sessionId":"wp-session-3bda7ea2-b2ee-4ba8-84cb-3666e16a85ba","generateId":"wp-page-contact","batchId":"wp-section-contact-map"}}},"elements":[{"id":"10fca3b8","settings":{"image":{"id":"47871","url":false},"width":{"size":100,"unit":"%","sizes":[]},"image_size":"full","width_mobile":{"size":"","unit":"px","sizes":[]},"width_tablet":{"size":"","unit":"px","sizes":[]},"pa_condition_repeater":[],"premium_tooltip_text":"Hi, I'm a global tooltip.","premium_tooltip_position":"top,bottom","pa_cursor_ftext":"Premium Follow Text","pa_badge_text":"New","premium_mscroll_repeater":[],"ai":{"generator":"websitePlanner","baseTemplateId":"undefined","blockId":"undefined","requestIds":{"sessionId":"wp-session-3bda7ea2-b2ee-4ba8-84cb-3666e16a85ba","generateId":"wp-page-contact","batchId":"wp-section-contact-map"}}},"elements":[],"isInner":false,"widgetType":"image","elType":"widget"}],"isInner":true,"elType":"container","isLocked":true}],"isInner":false,"widgetType":"nested-carousel","elType":"widget"}],"isInner":false,"elType":"container"},{"id":"35148355","settings":{"flex_gap":{"size":48,"unit":"px","column":"48","row":"48","isLinked":true},"flex_align_items":"center","content_position":"middle","padding":{"unit":"px","top":"100","right":"24","bottom":"100","left":"24","isLinked":false},"padding_tablet":{"unit":"px","top":"80","right":"16","bottom":"80","left":"16","isLinked":false},"padding_mobile":{"unit":"px","top":"48","right":"16","bottom":"48","left":"16","isLinked":false},"reverse_order_tablet":"reverse-tablet","reverse_order_mobile":"reverse-mobile","_title":"Prise de rendez-vous","flex_direction":"column","boxed_width":{"unit":"px","size":1280,"sizes":[]},"min_height_tablet":{"unit":"px","size":0,"sizes":[]},"flex_align_items_tablet":"flex-start","flex_gap_tablet":{"unit":"px","size":0,"sizes":[],"row":"0","column":"0","isLinked":true},"flex_gap_mobile":{"unit":"px","size":24,"sizes":[],"row":"24","column":"24","isLinked":true},"pa_condition_repeater":[],"premium_tooltip_text":"Hi, I'm a global tooltip.","premium_tooltip_position":"top,bottom","premium_parallax_layers_list":[],"premium_gradient_colors_repeater":[],"premium_kenburns_repeater":[],"premium_lottie_repeater":[],"premium_blob_repeater":[],"pa_cursor_ftext":"Premium Follow Text","pa_badge_text":"New","ai":{"generator":"websitePlanner","baseTemplateId":"undefined","blockId":"undefined","requestIds":{"sessionId":"wp-session-3bda7ea2-b2ee-4ba8-84cb-3666e16a85ba","generateId":"wp-page-contact","batchId":"wp-section-contact-cta"}}},"elements":[{"id":"72e5c1d5","settings":{"_column_size":100,"width":{"size":null,"unit":"%"},"width_tablet":{"size":100,"unit":"%"},"background_background":"classic","border_border":"solid","border_width":{"unit":"px","top":"1","right":"1","bottom":"1","left":"1","isLinked":true},"__globals__":{"background_color":"","border_color":""},"border_width_tablet":{"unit":"px","top":"2","right":"2","bottom":"2","left":"1","isLinked":false},"padding_tablet":{"unit":"px","top":"","right":"","bottom":"","left":"","isLinked":false},"padding_mobile":{"unit":"px","top":"24","right":"24","bottom":"24","left":"24","isLinked":true},"border_color":"#2B2D42","align":"center","padding":{"unit":"px","top":"48","right":"48","bottom":"48","left":"48","isLinked":true},"content_width":"full","min_height":{"unit":"px","size":600,"sizes":[]},"min_height_tablet":{"unit":"px","size":545,"sizes":[]},"flex_direction":"row","flex_justify_content":"center","flex_align_items":"center","flex_wrap":"wrap","flex_align_content":"center","background_color":"#EDF2F4","pa_condition_repeater":[],"premium_tooltip_text":"Hi, I'm a global tooltip.","premium_tooltip_position":"top,bottom","premium_parallax_layers_list":[],"premium_gradient_colors_repeater":[],"premium_kenburns_repeater":[],"premium_lottie_repeater":[],"premium_blob_repeater":[],"pa_cursor_ftext":"Premium Follow Text","pa_badge_text":"New","border_width_mobile":{"unit":"px","top":"1","right":"1","bottom":"1","left":"1","isLinked":true},"ai":{"generator":"websitePlanner","baseTemplateId":"undefined","blockId":"undefined","requestIds":{"sessionId":"wp-session-3bda7ea2-b2ee-4ba8-84cb-3666e16a85ba","generateId":"wp-page-contact","batchId":"wp-section-contact-cta"}}},"elements":[{"id":"6d893fb8","settings":{"width":{"unit":"%","size":90,"sizes":[]},"width_mobile":{"unit":"%","size":88,"sizes":[]},"align":"center","text":"S\u00e9parateur","weight":{"unit":"px","size":2,"sizes":[]},"gap":{"unit":"px","size":0,"sizes":[]},"_position":"absolute","_offset_y":{"unit":"px","size":-2,"sizes":[]},"_offset_y_tablet":{"unit":"%","size":"","sizes":[]},"_offset_y_mobile":{"unit":"%","size":"","sizes":[]},"_z_index":5,"__globals__":[],"color":"#000000","text_color":"#000000","typography_typography":"custom","typography_font_family":"DM Sans","typography_font_size":{"unit":"px","size":35,"sizes":[]},"typography_font_size_mobile":{"unit":"px","size":18,"sizes":[]},"typography_font_weight":"500","typography_text_transform":"capitalize","typography_font_style":"normal","typography_text_decoration":"none","typography_line_height":{"unit":"em","size":1.3,"sizes":[]},"typography_letter_spacing":{"unit":"px","size":0,"sizes":[]},"typography_word_spacing":{"unit":"px","size":0,"sizes":[]},"primary_color":"#000000","pa_condition_repeater":[],"premium_tooltip_text":"Hi, I'm a global tooltip.","premium_tooltip_position":"top,bottom","pa_cursor_ftext":"Premium Follow Text","pa_badge_text":"New","premium_mscroll_repeater":[],"ai":{"generator":"websitePlanner","baseTemplateId":"undefined","blockId":"undefined","requestIds":{"sessionId":"wp-session-3bda7ea2-b2ee-4ba8-84cb-3666e16a85ba","generateId":"wp-page-contact","batchId":"wp-section-contact-cta"}}},"elements":[],"isInner":false,"widgetType":"divider","elType":"widget"},{"id":"47877cf0","settings":{"width":{"unit":"%","size":90,"sizes":[]},"width_mobile":{"unit":"%","size":88,"sizes":[]},"align":"center","text":"S\u00e9parateur","weight":{"unit":"px","size":2,"sizes":[]},"gap":{"unit":"px","size":0,"sizes":[]},"_position":"absolute","_offset_orientation_v":"end","_offset_y":{"unit":"px","size":-2,"sizes":[]},"_offset_y_tablet":{"unit":"%","size":"","sizes":[]},"_offset_y_mobile":{"unit":"%","size":"","sizes":[]},"_offset_y_end":{"unit":"px","size":-2,"sizes":[]},"_z_index":5,"__globals__":[],"color":"#000000","text_color":"#000000","typography_typography":"custom","typography_font_family":"DM Sans","typography_font_size":{"unit":"px","size":35,"sizes":[]},"typography_font_size_mobile":{"unit":"px","size":18,"sizes":[]},"typography_font_weight":"500","typography_text_transform":"capitalize","typography_font_style":"normal","typography_text_decoration":"none","typography_line_height":{"unit":"em","size":1.3,"sizes":[]},"typography_letter_spacing":{"unit":"px","size":0,"sizes":[]},"typography_word_spacing":{"unit":"px","size":0,"sizes":[]},"primary_color":"#000000","pa_condition_repeater":[],"premium_tooltip_text":"Hi, I'm a global tooltip.","premium_tooltip_position":"top,bottom","pa_cursor_ftext":"Premium Follow Text","pa_badge_text":"New","premium_mscroll_repeater":[],"ai":{"generator":"websitePlanner","baseTemplateId":"undefined","blockId":"undefined","requestIds":{"sessionId":"wp-session-3bda7ea2-b2ee-4ba8-84cb-3666e16a85ba","generateId":"wp-page-contact","batchId":"wp-section-contact-cta"}}},"elements":[],"isInner":false,"widgetType":"divider","elType":"widget"},{"id":"3a0baf5b","settings":{"title":"Prenez rendez-vous d\u00e8s aujourd'hui","align":"center","_padding_tablet":{"unit":"%","top":"0","right":"0","bottom":"0","left":"0","isLinked":true},"_padding_mobile":{"unit":"%","top":"","right":"","bottom":"","left":"","isLinked":true},"_element_width":"auto","animation_duration":"rapide","_animation_delay":600,"__globals__":{"title_color":"","typography_typography":"globals\/typography?id=heading-l"},"_margin_mobile":{"unit":"px","top":"0","right":"15","bottom":"0","left":"-8","isLinked":false},"_element_width_tablet":"inherit","title_color":"#8D99AE","typography_font_size":{"unit":"px","size":48,"sizes":[]},"typography_font_size_tablet":{"unit":"px","size":40,"sizes":[]},"typography_font_size_mobile":{"unit":"px","size":32,"sizes":[]},"typography_font_weight":"600","typography_font_style":"normal","typography_text_decoration":"none","typography_line_height":{"unit":"custom","size":"120%","sizes":[]},"typography_line_height_tablet":{"unit":"custom","size":"","sizes":[]},"typography_line_height_mobile":{"unit":"custom","size":"120%","sizes":[]},"typography_word_spacing":{"unit":"em","size":"","sizes":[]},"pa_condition_repeater":[],"premium_tooltip_text":"Hi, I'm a global tooltip.","premium_tooltip_position":"top,bottom","pa_cursor_ftext":"Premium Follow Text","pa_badge_text":"New","premium_mscroll_repeater":[],"ai":{"generator":"websitePlanner","baseTemplateId":"undefined","blockId":"undefined","requestIds":{"sessionId":"wp-session-3bda7ea2-b2ee-4ba8-84cb-3666e16a85ba","generateId":"wp-page-contact","batchId":"wp-section-contact-cta"}}},"elements":[],"isInner":false,"widgetType":"heading","elType":"widget"},{"id":"1e8b4809","settings":{"editor":"<p>Chez AFFASS, votre sant\u00e9 est notre principale pr\u00e9occupation. Nous vous encourageons \u00e0 prendre rendez-vous pour b\u00e9n\u00e9ficier de nos soins urologiques personnalis\u00e9s. N'attendez plus, faites le premier pas vers votre bien-\u00eatre.<\/p>","align":"center","_margin_tablet":{"unit":"%","top":"4","right":"0","bottom":"6","left":"0","isLinked":false},"_margin_mobile":{"unit":"px","top":"25","right":"0","bottom":"35","left":"0","isLinked":false},"_padding":{"unit":"px","top":"","right":"","bottom":"","left":"","isLinked":false},"_padding_tablet":{"unit":"%","top":"0","right":"20","bottom":"0","left":"20","isLinked":false},"_padding_mobile":{"unit":"%","top":"0","right":"0","bottom":"0","left":"0","isLinked":false},"align_mobile":"center","_element_width":"inherit","text_color":"#2E2E2E","typography_font_size":{"unit":"px","size":16,"sizes":[]},"typography_font_size_tablet":{"unit":"px","size":15,"sizes":[]},"typography_font_size_mobile":{"unit":"px","size":14,"sizes":[]},"typography_font_weight":"300","typography_text_transform":"none","typography_font_style":"normal","typography_text_decoration":"none","typography_line_height":{"unit":"px","size":24,"sizes":[]},"typography_letter_spacing":{"unit":"px","size":0,"sizes":[]},"typography_word_spacing":{"unit":"px","size":0,"sizes":[]},"drop_cap_primary_color":"#000000","__globals__":{"text_color":"","typography_typography":"globals\/typography?id=text"},"pa_condition_repeater":[],"premium_tooltip_text":"Hi, I'm a global tooltip.","premium_tooltip_position":"top,bottom","pa_cursor_ftext":"Premium Follow Text","pa_badge_text":"New","premium_mscroll_repeater":[],"ai":{"generator":"websitePlanner","baseTemplateId":"undefined","blockId":"undefined","requestIds":{"sessionId":"wp-session-3bda7ea2-b2ee-4ba8-84cb-3666e16a85ba","generateId":"wp-page-contact","batchId":"wp-section-contact-cta"}}},"elements":[],"isInner":false,"widgetType":"text-editor","elType":"widget"},{"id":"5c70a2db","settings":{"flex_direction":"row","flex_direction_mobile":"row","flex_justify_content_mobile":"center","flex_gap":{"unit":"px","size":8,"sizes":[],"column":"8","row":"8","isLinked":true},"flex_gap_tablet":{"unit":"px","size":8,"sizes":[],"column":"8","row":"8","isLinked":true},"flex_gap_mobile":{"unit":"px","size":8,"sizes":[],"column":"8","row":"8","isLinked":true},"padding":{"unit":"px","top":"0","right":"0","bottom":"0","left":"0","isLinked":false},"flex_justify_content":"center","pa_condition_repeater":[],"premium_tooltip_text":"Hi, I'm a global tooltip.","premium_tooltip_position":"top,bottom","premium_parallax_layers_list":[],"premium_gradient_colors_repeater":[],"premium_kenburns_repeater":[],"premium_lottie_repeater":[],"premium_blob_repeater":[],"pa_cursor_ftext":"Premium Follow Text","pa_badge_text":"New","ai":{"generator":"websitePlanner","baseTemplateId":"undefined","blockId":"undefined","requestIds":{"sessionId":"wp-session-3bda7ea2-b2ee-4ba8-84cb-3666e16a85ba","generateId":"wp-page-contact","batchId":"wp-section-contact-cta"}}},"elements":[{"id":"5395200b","settings":{"text":"Prendre rendez-vous","_element_width":"auto","button_text_color":"#8D99AE","border_border":"solid","border_width":{"unit":"px","top":"1","right":"1","bottom":"1","left":"1","isLinked":"1"},"border_color":"#8D99AE","border_radius":{"unit":"px","top":"","right":"","bottom":"","left":"","isLinked":"1"},"text_padding":{"unit":"px","top":"12","right":"24","bottom":"12","left":"24","isLinked":""},"__globals__":{"button_text_color":"","hover_color":"","button_background_hover_color":"","button_hover_border_color":"","border_color":"","background_color":"globals\/colors?id=transparent","typography_typography":"globals\/typography?id=text"},"text_padding_mobile":{"unit":"px","top":"12","right":"24","bottom":"12","left":"24","isLinked":""},"typography_font_size":{"unit":"px","size":16,"sizes":[]},"typography_font_weight":"400","typography_text_transform":"capitalize","typography_font_style":"normal","typography_text_decoration":"none","typography_line_height":{"unit":"custom","size":"150%","sizes":[]},"typography_font_size_mobile":{"unit":"px","size":15,"sizes":[]},"_element_custom_width":{"unit":"%","size":15,"sizes":[]},"icon_indent":{"unit":"px","size":0,"sizes":[]},"typography_font_size_tablet":{"unit":"px","size":14,"sizes":[]},"typography_line_height_tablet":{"unit":"px","size":"","sizes":[]},"typography_line_height_mobile":{"unit":"px","size":"","sizes":[]},"button_background_hover_background":"","_flex_align_self":"flex-start","pa_condition_repeater":[],"premium_tooltip_text":"Hi, I'm a global tooltip.","premium_tooltip_position":"top,bottom","pa_cursor_ftext":"Premium Follow Text","pa_badge_text":"New","premium_mscroll_repeater":[],"ai":{"generator":"websitePlanner","baseTemplateId":"undefined","blockId":"undefined","requestIds":{"sessionId":"wp-session-3bda7ea2-b2ee-4ba8-84cb-3666e16a85ba","generateId":"wp-page-contact","batchId":"wp-section-contact-cta"}}},"elements":[],"isInner":false,"widgetType":"button","elType":"widget"},{"id":"37df17b7","settings":{"text":"R\u00e9server maintenant","_element_width":"auto","button_text_color":"#8D99AE","border_width":{"unit":"px","top":"1","right":"1","bottom":"1","left":"1","isLinked":"1"},"border_color":"#8D99AE","text_padding":{"unit":"px","top":"12","right":"24","bottom":"12","left":"24","isLinked":""},"__globals__":{"button_text_color":"","hover_color":"","button_background_hover_color":"","button_hover_border_color":"","border_color":"","background_color":"globals\/colors?id=transparent","typography_typography":"globals\/typography?id=text"},"text_padding_mobile":{"unit":"px","top":"12","right":"24","bottom":"12","left":"24","isLinked":""},"_margin_mobile":{"unit":"px","top":"0","right":"0","bottom":"0","left":"15","isLinked":""},"typography_font_size":{"unit":"px","size":16,"sizes":[]},"typography_font_weight":"400","typography_text_transform":"capitalize","typography_font_style":"normal","typography_text_decoration":"none","typography_line_height":{"unit":"custom","size":"150%","sizes":[]},"typography_font_size_mobile":{"unit":"px","size":15,"sizes":[]},"_margin_tablet":{"unit":"px","top":"0","right":"0","bottom":"0","left":"15","isLinked":false},"_element_custom_width":{"unit":"%","size":15,"sizes":[]},"icon_indent":{"unit":"px","size":14,"sizes":[]},"typography_font_size_tablet":{"unit":"custom","size":"","sizes":[]},"typography_line_height_tablet":{"unit":"px","size":"","sizes":[]},"typography_line_height_mobile":{"unit":"px","size":"","sizes":[]},"icon_align":"right","button_background_hover_background":"","pa_condition_repeater":[],"premium_tooltip_text":"Hi, I'm a global tooltip.","premium_tooltip_position":"top,bottom","pa_cursor_ftext":"Premium Follow Text","pa_badge_text":"New","premium_mscroll_repeater":[],"ai":{"generator":"websitePlanner","baseTemplateId":"undefined","blockId":"undefined","requestIds":{"sessionId":"wp-session-3bda7ea2-b2ee-4ba8-84cb-3666e16a85ba","generateId":"wp-page-contact","batchId":"wp-section-contact-cta"}}},"elements":[],"isInner":false,"widgetType":"button","elType":"widget"}],"isInner":true,"elType":"container"}],"isInner":true,"elType":"container"}],"isInner":false,"elType":"container"}],"settings":{"template":"default"},"metadata":[]}