[{"term_id":816,"name":"exclude-from-catalog","slug":"exclude-from-catalog","taxonomy":"product_visibility","description":"","parent":0},{"term_id":815,"name":"exclude-from-search","slug":"exclude-from-search","taxonomy":"product_visibility","description":"","parent":0},{"term_id":817,"name":"featured","slug":"featured","taxonomy":"product_visibility","description":"","parent":0},{"term_id":818,"name":"outofstock","slug":"outofstock","taxonomy":"product_visibility","description":"","parent":0},{"term_id":819,"name":"rated-1","slug":"rated-1","taxonomy":"product_visibility","description":"","parent":0},{"term_id":820,"name":"rated-2","slug":"rated-2","taxonomy":"product_visibility","description":"","parent":0},{"term_id":821,"name":"rated-3","slug":"rated-3","taxonomy":"product_visibility","description":"","parent":0},{"term_id":822,"name":"rated-4","slug":"rated-4","taxonomy":"product_visibility","description":"","parent":0},{"term_id":823,"name":"rated-5","slug":"rated-5","taxonomy":"product_visibility","description":"","parent":0}]